303789f58cbbd6d8c570fe3d4f53f210,announcer/
02426f8501822bb12e15e64c50ffd7dc,announcer/next_round_beginning_soon
07eab1a269ea6974f128f671b2e78514,announcer/next_round
08a7a2a2b9122ac5afe4afbe1cdd0433,announcer/to_1
0c6277035ceb7932c5c4b462ce3bc986,announcer/leaderboard_now_available
0f978b47f458fb91718de5764265f641,announcer/objective_d_captured
1120a6e2b022111e5e10c99097ce2ec6,announcer/triple_kill
129186c8e9e9587b5b843d5ebb756769,announcer/seasonal_rewards_unlocked
14936375b97e35993318305852be8a4d,announcer/objective_b_captured
16909b31f54858089be88cce972fdc29,announcer/new_defense_point_objective_c
2968953bd2f0218c8f1d4bff10bec2cd,announcer/objective_d_has_been_lost
30acdea45f59cca839f586e15219277a,announcer/the_payload_has_reached_the_checkpoint
346082b5cb16dcc1807b5242366270e4,announcer/
35b48c4d2d2c56f913b8b739f089ccb0,announcer/
3af74a2c6f4c1a08ec2b26f079e1267a,announcer/
3b952ad87c063c695792755b4bb76302,announcer/
3dce644e55376f08db811a8789d8a7a1,announcer/
47282928c4afa19cb22a500dbc84a8c7,announcer/
4c63bed0eed5b074732986bce0daad51,announcer/
510111d94bd33c061cfb8bc0c4daef9b,announcer/
58607b8291c92005a4722a5314f73195,announcer/
661ccf31194ee55a83125a2f40800318,announcer/
705565965978d42b6b1b6817c144bc77,announcer/
7151ff60903e2000cee278fc6d741d58,announcer/
85696945126596a994f1c8bb763ad7ba,announcer/
8a25042e365fdd5cc0d91dbc4fed7270,announcer/
96333e0847204e8e4da8f6c2aade1b11,announcer/
969011e4bd06b0557dff17c6708c0116,announcer/
ade0f0079468cabbded7c1628c10fd6d,announcer/
b3f74585c6662325bf21a3d787e254ee,announcer/
b7351c8a6a2ddcbf98296243f164f1c5,announcer/
d13c960644fdcfce4687a539342a5e2b,announcer/
d644882dabe85d814c7af5e253c704c2,announcer/
db1587e4d89a14b3110f26933ac41dd8,announcer/
e265dc5abb9579aedc0830a17f2353f3,announcer/
ea72ff60bcda6d59d617b6d5564cf437,announcer/
f43cdc2560d5bf470d99b399867c4f59,announcer/
fabede3c637a3a5a591d07e1175ef89d,announcer/
3c4bebb3f549c1598ba00800426c185c,announcer/11
c5b769d30f102cf42c09348217f4fcc9,announcer/12
2da5fd58f8e97f554771310397860ba1,announcer/14
51dab6fe3c32893d002135b0d70e1a0f,announcer/21
902d559736a1d1f8a736dea21d5ca19c,announcer/24
cd51c90e5edf6e9282f2cac4989be68a,announcer/26
0b9f5437bc98848099af828f66ffb7f6,announcer/30
ade5fae5efb8a30c4c7e07b9b1654071,announcer/8
b0faf7153a20966606b7bbebe79595c0,announcer/9
21b8a3fee020c47c06b6b27c216e68f2,announcer/achievement_unlocked
507c22d0af61fcc3b3a737928ead40ad,announcer/alert_weapons_discharge_detected_in_ordnance_bay
06967fb6d5045b67b35dd9e013a81081,announcer/assemble_your_team
db3132c8da833f6569bd5113e06e5cd2,announcer/attack_commences_in_60_seconds
53e9c5bbbfd4b99e6680955fe2cac823,announcer/attack_commencing
91f6a0768cbe242514ba18fe899400be,announcer/attackers_incoming_in_10_seconds
12ff7c408c72747687e134f2dfba0d4d,announcer/capturing_objective
b0ea480acbc2c97df4c13aa146fc6b02,announcer/commence_operations
f15b60b8b3c912d3e72003a783d2c4c8,announcer/defeat
f35382bc0419e5675e118ee52ba19540,announcer/defending
0319fee847f99242dd4cd24fbcc36898,announcer/excellent
f530f0a05bbb7fe9def0d2139e03eefa,announcer/hollywood
0e47b67d3bef4e72f9b3286f4e32608d,announcer/initiate_prelaunch_procedures
1a06abf07accb16a8c5bfc392d15d83c,announcer/lifesaver
053f8e32854935299b638dd259a17c9f,announcer/new_defense_point_objective_e
1e0c2331828fac27c5e38c2c88495c8f,announcer/new_hero_level
49e9a0a44c3e8507c7eea641a7c91db6,announcer/objective_b_captured
a9ec4e79a3c1afe6b9cf8b4fbed54ff8,announcer/objective_d_is_under_attack
a41f864e40649e5e808734317a056bce,announcer/objective_lost
d7e7591fc631499a4049a3b39739af6a,announcer/please_confirm_your_selection_to_continue
b0779e10c14c344dcd4c9163e221d5c7,announcer/prepare_for_operations
6ce40d0e347424507c6ccece1461428a,announcer/prepare_to_attack
0e8943acdb31c64145bb58d4c02f64b2,announcer/prepare_your_defenses
21c01caa2c94927202aa0258a7c6881b,announcer/quintuple_kill
69d4dd52bc6b886bd647248c2026ad18,announcer/reward_unlocked
f1cc47cdab2ac867a598acbbb8cd98ba,announcer/round_14
4fbe3263191353c11147e1c6ae524bf2,announcer/round_19
c22bc6fb4a1828da106f28e67df7b20c,announcer/round_1_begins_in_30_seconds
c18a145d927833dd9e7c32f3f7c9b8a3,announcer/round_2_begins_in_20_seconds
7fe5d20902821dae7b142c54412ad54b,announcer/round_5_begins_in_10_seconds
631a9cf290a4e40040e679fcd142cb27,announcer/round_5_begins_in_30_seconds
d1aea0e8ee8386a22f02b344165a463d,announcer/sharpshooter
3d079e5fe1f8f7b25afd8a6b9e0a8582,announcer/sudden_death
aeb3706cd27f47a6036d6fbb69d0cf33,announcer/the_ancient_ruins_in_ilios_are_an_internationally_protected_heritage_site_please_try_to_avoid_unnecessary_damage
729d10c9e99f0911c57188dbb87bd04d,announcer/the_objective_is_under_attack
9c58ff58c0c01b29ef602149b637b402,announcer/to_14
7e3a41d3105c0c22271908e70a929ba4,announcer/to_17
2ffd89842ed48360e8e88159a2575d21,announcer/to_5
238af40ac2cbc1a24ac7d8bae4b8fd17,announcer/to_6
555cf6ae4a0508450f8a8e55bb93f41d,announcer/to_9
8c3113e61a433a7a4da63428824391df,announcer/to_learn_more_about_other_heros_go_to_the_practice_range
b0cb91e20f8b2cd5438c92a57cc57bf0,announcer/travelling_to_dorado
d9a33b9933be21c3f837d97c80a80349,announcer/use_your_controls_to_look_up_at_the_dropship
2467d2dfa375682d646fd9040fefaa38,announcer/welcome_to_greece_agents_but_im_afraid_this_isnt_a_holiday
81fea2a8dce4473d8f4eade9ee16d253,announcer/welcome_to_nepal_agents_make_sure_to_watch_your_step_its_a_long_way_down
94dd59e1481ea155bbd817e4579e5b89,announcer/welcome_to_season_4
915e832bb8bbcbc85f6c3376bcbd11f7,announcer/welcome_to_the_practice_range_soldier_76
825fb86f9e59a3f10b7f950f59008808,announcer/welcome_to_the_target_range_please_proceeded_to_the_highlighted_area
e6e8e62123cfc1a86c6b0ed6a061dd84,announcer/when_you_are_finished_you_can_leave_the_practice_range_at_any_time
b47c887a3dfcf9968f7b8dee6c2dc279,announcer/you_can_heal_yourself_with_a_biotic_field
e4222547a36f09853027d631c7375f40,announcer/you_can_only_sprint_while_moving_forward
7007b9408b6d4eecb66c57688a99300d,announcer/your_current_progress_is_displayed_here_on_your_screen
1ba1ab1a5ad09ae4b0d2ab48b5f7f160,hero/ana/
2876148716c9883dc7e805a9aa17b42f,hero/ana/
2cea51de315d4b282d8cb2fe87d0676f,hero/ana/
55d3e8dbcd002a55d3c0e13766c6188c,hero/ana/
597667cfd4535e76b70c5f9d52b621a6,hero/ana/
707e042133029531aa4c67476b2e6e9a,hero/ana/
8b170da5576cb4b6d29ecfedfbcd9953,hero/ana/
8da7ff89ceff262be2cafb59fd3ad5c3,hero/ana/
9916c3ce1726bd4a6a38db873028cda2,hero/ana/
9f02635f2a9301c735536b713a9fd85b,hero/ana/
b466bf63261bf090aae95f09d93091e1,hero/ana/
bc98092e85fc05c60b3973f255c1a141,hero/ana/
c874214ed8cccaf8d5dc07de94cd862a,hero/ana/
fea38110414b7a67eb49751a783224d9,hero/ana/
21b033eeb742bd3acf13b43f9bf0776c,hero/ana/ssh_go_to_sleep
00cdce1bb5475f0707c085f2c2858388,hero/bastion/
04816ae7acc69b761354102aa86722bb,hero/bastion/
0ed30b9fb8719b4b74d3da5ad5a9a02b,hero/bastion/
0f5e2cdf8e844a33ac56bfc510a920e7,hero/bastion/
1365c48e0bd29ffae5571a704711c6df,hero/bastion/
142ebc5bdb373904e98999cad561989e,hero/bastion/
1bc5a82f88a934f54006dd09949a649f,hero/bastion/
256a1a46539e8253ba96350b435e43ad,hero/bastion/
2c0c7fc3cd4394f7e66f8995a3709447,hero/bastion/
2c63cecc3b4f01f7966da9626cf53cfe,hero/bastion/
33822af3deecfee36b0f50adff381d10,hero/bastion/
39ba16685a7e1703f8be9f50f7e95073,hero/bastion/
4926ba70fb4eaac4c1d46cbf459b3b61,hero/bastion/
4c5b83539084e999d0934b21909da7b7,hero/bastion/
5e60d1b9f10cadf909f555354762334d,hero/bastion/
63010cc37cfe870fce490c4862e3c030,hero/bastion/
6c4a0edd0c62f540310853edf51ea639,hero/bastion/
821032e14b17656f127001c3a6793c63,hero/bastion/
87052d089c5c72abbca1b4d9a0365ef4,hero/bastion/
8cc1c22d9e2f0f85b0dc6764c8956924,hero/bastion/
8fe4ac9c53326dd4a313c9c9109547b9,hero/bastion/
92cee4db46c02d769291562da6a85fd4,hero/bastion/
9ad7d51c2e79384698f44da14e016f92,hero/bastion/
9ebd0c8bc8b0f9a0044db675905f3562,hero/bastion/
b0cb66094575ef6950c39a4db367ae1f,hero/bastion/
b49b1414d87e58ab7c48fc83db4b4b7d,hero/bastion/
b7846e379013172fbf04410d4cdaa3b7,hero/bastion/
b7d9cfa93705bd2924b947bd5438f864,hero/bastion/
c4b6b932bdda050a2fe44f76b24850b4,hero/bastion/
c62d15fefbb8dacad812f8e13e37627c,hero/bastion/
c931b62ad3f43b5ef42bee2ce1e2a1b2,hero/bastion/
ce36768a2fb3ed7bc6872640d459a0da,hero/bastion/
dc0e42426644b71f5e3b8947a45d1699,hero/bastion/
dfe8d34099f495741041b434354fb03e,hero/bastion/
e0319a4f8959daab6977b17e1ee262a8,hero/bastion/
e6ed82a196836695faf4a1e8d116992f,hero/bastion/
eb789b7a78fcdae9d04bf164bb534344,hero/bastion/
f451e49aba27b1b3b8afa20319b67a4c,hero/bastion/
f68a811ec366611b49c8f5de018415fe,hero/bastion/
fc0f9f70a17ca9a79fb8fe4a47c75664,hero/bastion/
0f791f7f88cb331fa6a3d03b1ca6e96e,hero/dva/
2fb35443460c9e5d351fb273858f7b30,hero/dva/
317dd1d9f995a206201359a6ff8ab8af,hero/dva/
36d66bc00db170072b91e084b54ef0c1,hero/dva/
4b17eed20ca42513eac570980863916c,hero/dva/
5181efc961ceb89f0d2753530a9564f8,hero/dva/
6185c8397d70f1d2921ba618663c2231,hero/dva/
63bcff9c63e2d5cd660795a796095595,hero/dva/
6d6b07661ca1e8f21b1ec7bca673f909,hero/dva/
8c08c1180d0e5bf38123df605d59bb0e,hero/dva/
96cec1d5d1f2b340c87f824e8a92b711,hero/dva/
a848cb92f05a0f9fae7fd37d43931c7d,hero/dva/
b3cf414231f6fc073aa6cd20eacedcd2,hero/dva/
b6849265163b518823dbdfea524c6df6,hero/dva/
db75b89c4cc1ed96c37cc15d771d06a6,hero/dva/
e92b1ea94c7548efaa4b7b951cbff8f2,hero/dva/
efc0b7db7ec323a777fc75bec502f60f,hero/dva/
59a7648e9c8f30e87a6ed77d0cb445df,hero/dva/ahh_the_classics_i_love_that_movie
d2f6ed3d566177f99043313260ec1d6e,hero/dva/alright game face on
bc19a4e410061fe3f869fa1fe7bc1853,hero/dva/aww yeah
7e7c7ca5601050f4bf61bcf55a38b4eb,hero/dva/aww you must like me
1d6200a018f318615adcd6d3029487ae,hero/dva/dont_mess_with_me
21c258596a99766c42f304b4d2088f47,hero/dva/enemy teleporter located
8499456d6f6e27a36b1fda27b99fd0d3,hero/dva/grr enemies on the point lets clear them out
cfeca1dbd0f1c3ee75cb325dd6c33e2e,hero/dva/i cant wait to get into the fight
bed17cf16602967a3dcf766cae1138b8,hero/dva/i thought you were going to be a challenge
9176ffe8338a014327cccb4ad924fd0b,hero/dva/i will defend my country
20dd263f67ceab2eccec11cc9ee16948,hero/dva/im back in the fight
926cbf93b575c2e7430d6fd45d3d0c25,hero/dva/im_just_getting_warmed_up
5a2d5c2ec8ecee6d5640efa4e1fb60f4,hero/dva/ive got your back
18c5cb03d94b06da0a620b975c848e7a,hero/dva/last_round_this_is_where_it_counts
45cd0f41b88225006db06969895df024,hero/dva/laugh thanks for the love
c4871bfe253dd2227473d5d724730f45,hero/dva/laugh_gg
e14807c109c6279ae7e11ce2257c05cd,hero/dva/laugh_ill take more of that
28bb63fce0748acb4be5839bf6112d74,hero/dva/laugh_save_that_for the hall of fame
125d43be53356707d80342be3213f592,hero/dva/laugh_you_cant_be_serious
0af354c0bc20388df88227edb8385198,hero/dva/lol
38b620bac06e8899bfb6cb2dc0e27e04,hero/dva/my_ultimate_is_almost_ready
12d90bf6d06156010833bb964aa94e4f,hero/dva/no_fair_you_cheater
8e0f37c8a25604529f5c935de625efe0,hero/dva/nuh_uh
e6156f2c9fe3244a80f760d5c060ed0a,hero/dva/ooh what did i get
785149941584efaf4472cc321be05d19,hero/dva/payload moving lets all work together
949ac3ce8fb042b72e457bde9724e8be,hero/dva/ready player one
7a1743a5085631afba8666dc7a8731cb,hero/dva/say aah
f5eb5503a1c1ccbd0147730f6d4793d6,hero/dva/that ones for my fans
c60f9411ced85e1cf547d79f610c3f05,hero/dva/theyre taking the point time to get some kills
7001131671cdca6a3396964cf2187de3,hero/dva/whee_yay
55b661abbf7f75de53fbb30135e26a53,hero/dva/who_are_you_calling_a_child
ac643defc4a430b109dc083e264fe596,hero/dva/woah you got some leet skills
7988dfdad2a05e476b2e13e839e1f3d3,hero/dva/woo i hit the jackpot
01a0dbff4323022c0a987d20b63d8b0f,hero/genji/
05d8f595fc022ff97012f9110b2ff8c0,hero/genji/
0bec93851efccd4aefb99462046ff330,hero/genji/
111e10ca1ebe00faa0a2a5561931f0de,hero/genji/
17fb41ce6f9167ebe42e3960cd6d1ac3,hero/genji/
1952cbcd81154d85862f977c82927b36,hero/genji/
22f4b704282a45e17db214aad39a60fc,hero/genji/
2483db064fc68075931f548975f6ae31,hero/genji/
26e0d5114990ad59f10d4d62d104aa4d,hero/genji/
28b5d34a963951bfee8d021def744571,hero/genji/
299e0c36a051430b4c248a150249b721,hero/genji/
2bed93e7702fa4ba8b75b563422a4fa8,hero/genji/
2d9a3d2c630514524260bc782a0838e7,hero/genji/
2d9acb738c87f3fa7c8e3b791bcc07a2,hero/genji/
2ecdef248ccb71b091fa276d96dbd123,hero/genji/
3c99ef194a039816cb43913557013510,hero/genji/
3ceceda8ca06fe564668aa473632252e,hero/genji/
4655d8b4060ef1f2c7c653f309627939,hero/genji/
4946f4805f2a37695ae3b03fbe7ed8a6,hero/genji/
4b8d7eb9430604b8e8d015da6dacd4d3,hero/genji/
5077ac203470945474dab2307166d012,hero/genji/
533997031196e4e153b8521a14bf5005,hero/genji/
597d83748312eb0f5d3ab9a16ca906ff,hero/genji/
5d9eacc86126706257419954b371d2bc,hero/genji/
689d626ca3e55fa84d51365f4557a4a7,hero/genji/
6c671dc05b9154c7f3030feced362350,hero/genji/
6efcc8ad28934645015c9cc0e5b48f4f,hero/genji/
6f0e1a0594e780a81fa3df876cb09990,hero/genji/
6f88bcfe835f4342a707fbcb316b3d98,hero/genji/
6fef5fc81ab0a08aaea4426b3fbcea41,hero/genji/
75b8251b59d9cab6404bc96045fbc03f,hero/genji/
7b40782130b47c9c1e450350591f40d7,hero/genji/
807ea444bd18cf4e7429c92f52e5fadc,hero/genji/
80c4259f62dd5d0cd929a7015b2b3674,hero/genji/
82c9ed97c9330f203cc6e49d6e79e7bd,hero/genji/
849cb9d12e1c3eb5a54a4f3f8e761e10,hero/genji/
880c94221eff404088971f77c475e92d,hero/genji/
9012673ad834458edc29124891002ba1,hero/genji/
94aec297206ad02e40b5a5c85b8f676b,hero/genji/
96febfd8b4b82d53108694196a96048f,hero/genji/
9bda76e1d7348e703f6792f7dbbf6be7,hero/genji/
a463e5d0f96a7795e337c90f1a200059,hero/genji/
a526a354f7a204323522607a8b3e117e,hero/genji/
abb6b2081192667ecd42a19b3ae1db88,hero/genji/
ad9a0b31f05ba95a0c5cf3bee83dc044,hero/genji/
b0bc3395fb4a64c2cb82c287c31a2f60,hero/genji/
b373e141ac2fd4f11ca4883daf0d8f27,hero/genji/
b8d23fb4eee32158d11ba2d1c1e8a78e,hero/genji/
b96f7f65ab8f585ffc30d07b1b74ff0e,hero/genji/
bdd51d7e64bee4709f8ff9ad344b1df4,hero/genji/
c8ea5c55e9d72e737e40984f78f882d3,hero/genji/
cc6303a357dff514b52d02451dad4f32,hero/genji/
ccd073f6be2cca6bac9e0a81f20eef39,hero/genji/
db64c57366b4902eb42dc90eedbab45c,hero/genji/
dc2ca75bc92d105f13c29f129fbd80fa,hero/genji/
dd316090bc0aed103353e0579d963ff4,hero/genji/
ddfe1fa7e3eafdc7aa648ff7899ffdb4,hero/genji/
e56e3a5d7608f4887f9cc53fea9a3811,hero/genji/
e9ef108b2dea9f15602d720581bb33a1,hero/genji/
eaf89470fdf3fedd1aa8cc023cb9e527,hero/genji/
ed849b3cc5e7da8fb20961feaa10efab,hero/genji/
ee936c57de3bf75c4ce7ba257b79228d,hero/genji/
f0750aab0c6b1adf2a1a2878ad051812,hero/genji/
f5e333f7594cc5ad3662b45e663df8e5,hero/genji/
f9cc63e5c05525e829dd4c741d7cf4f7,hero/genji/
fe63d336196924a53a388c140f07d37d,hero/genji/
fea312fd83af470b36b8ecfd2a1594e8,hero/genji/
007e3c1a241e8f443e62f112bb6e970e,hero/hanzo/
0ca4260a02e946d35e5ca4d18447ca2e,hero/hanzo/
0f0c3e702dd42a187d50c0445fac0b0f,hero/hanzo/
1414c123c65ad4d4f0d2c35f24c625ef,hero/hanzo/
1a32231b35525be13a7765592e3093cd,hero/hanzo/
214ea4eb7b339d1fcbb08a0a73a74258,hero/hanzo/
2b7c530f9a9d471eb6bf3048864f0b8e,hero/hanzo/
367b76c71ecaa9d7669bac478bf55e10,hero/hanzo/
37b5281726b7cb09ee3f3753835c349a,hero/hanzo/
3d5574e55a049261c82afa63a20af010,hero/hanzo/
53b5ce89ab81990b3a26ca8a329e6ae9,hero/hanzo/
6fa99d0f1ca8385105baa598f59f4049,hero/hanzo/
76955e5efc575a6cda070d3d66fb9c7a,hero/hanzo/
7f55eae1948e784ba7b785063c4480bd,hero/hanzo/
94acf36b386ae5dc78de6d1064a35be9,hero/hanzo/
9741054cbc70967e751c5e6f78959f35,hero/hanzo/
9ba18217d586cbf3bc98a12c4f8be8dd,hero/hanzo/
9c769217aca7492ff5c6ec872040bda8,hero/hanzo/
a1abe638901ef2d8d7ccd8fb876d7171,hero/hanzo/
a3fefdb6b8ab305a1be7d7007224dfb2,hero/hanzo/
a6f281b480473d5c6f72e7bfdfdd6e0a,hero/hanzo/
ab09d28b3a4f8f082baba9536d25168d,hero/hanzo/
acdf935f168c0ba1f83a4038d8093318,hero/hanzo/
ae4e10af3dad608d6584338f9f42d410,hero/hanzo/
b236f2bcfcd3b1922e038f21d09c424c,hero/hanzo/
b2c8700eca8e131b5a4eefaf74eebcd5,hero/hanzo/
b5e67c76802c10fc162e13fcc6504b35,hero/hanzo/
ba72f00ac6e3be83e10b94f4745e342f,hero/hanzo/
bac2c12b7b1551439af98ef30879cf45,hero/hanzo/
bb05e421482d4f9fca0c0e0f43ac1906,hero/hanzo/
be6988336fc1c08ffecf169854a012bc,hero/hanzo/
ca5df631a31a4e086231ef64f22b81c2,hero/hanzo/
d6dff427286190445aa7e2fa1ad4c11f,hero/hanzo/
d6fb2da7b25a6c820dc120173da9b270,hero/hanzo/
de1ee99e30e9055b3b3c3cc8d0a7b8cc,hero/hanzo/
e4ff39cac4bd3d4d0f01ec538e45164f,hero/hanzo/
e5373d46c036c73951d8fe6b4750ae82,hero/hanzo/
e596ceb74067248750ea5c2c012dd2a8,hero/hanzo/
e7f11f633bbaa857e6144cd5ba527f43,hero/hanzo/
ef0cea2de64814415432ef205b5df644,hero/hanzo/
ef426c64a8e34d0802d8f009d5d434e2,hero/hanzo/
faba810d3e019439a195c02a5761fd74,hero/hanzo/
ff1d2d10e64f9d4a5f871b64ebdde819,hero/hanzo/
05ba492c43c1158bbc00fb5f2eb826cd,hero/junkrat/
0cc00d399d1449c66204b552bfe56ffa,hero/junkrat/
0f5faee4de4ed5271f68107a04dc3cdd,hero/junkrat/
1b4cc4af2121017621928dcf8652db98,hero/junkrat/
1f2daa13ee6217fae80765997397c7cb,hero/junkrat/
21568318c3ebc797c3fa3d92551085eb,hero/junkrat/
38129dd55070651730fd7470324aacbc,hero/junkrat/
3eaffe75e4715bb37de4d597e1573cab,hero/junkrat/
4a83b5b8d64d9701beb4b9e891ad4233,hero/junkrat/
53f8e8276f5f9974b4df53efdb4af005,hero/junkrat/
546fbf14ee58fc18ed757f0f28e773a1,hero/junkrat/
5b774aebee0d05a87a273d287087bc76,hero/junkrat/
5b955b0fe334583bebfb65db54a1af79,hero/junkrat/
6751b98ca077f4dec41560883e32bdfe,hero/junkrat/
675c109abf16236fcf3d56f2557b67af,hero/junkrat/
6c1d03ca021faeafc54f023fd6f8418f,hero/junkrat/
6c6fd3b3ffb9659605e1468a2a0c5851,hero/junkrat/
706e8c37a43a85db53af551cc70ed3b5,hero/junkrat/
754b33e7828817fb852bf157dda7673f,hero/junkrat/
76c5229014e0a8b917a45bc93bfdc5d1,hero/junkrat/
77fe27172578052e05ade7965149f1e7,hero/junkrat/
790252b6a019fe2fdcb8ea7948787dca,hero/junkrat/
8024bc705e1584e5466d99aa363b22f8,hero/junkrat/
8036f8247ba56a25393ebef7d1107f92,hero/junkrat/
825c3b6d641e4892fb03bea171c60db6,hero/junkrat/
83354a7e2ab2c4a39b300e83732a728f,hero/junkrat/
90c14dc9a47231dcf2a1d14615f8b299,hero/junkrat/
925fc36863ffaa348492795da61983cc,hero/junkrat/
964637ea6fab4cba1d8333f15821856e,hero/junkrat/
a4ad0c8bdd34b978ad8bd972766ed06c,hero/junkrat/
b1a298002d43c584777abc60faf7e0a5,hero/junkrat/
b24add13b68289e1271785c44ba09000,hero/junkrat/
bdc647fc76f528207215e2fd615260de,hero/junkrat/
c0eb8f3df1a158854e3884022a4a4dd2,hero/junkrat/
c3e6d979793c5243b7103e763b55d1c1,hero/junkrat/
c413424e4b06a89dae3bd894c27bbafb,hero/junkrat/
c62efc742683df2f1d9a974cd469bbc2,hero/junkrat/
cc0ef9a3f757c6e6e968ba8df1880772,hero/junkrat/
ec549bb830e00984899d51dfdd19d6f7,hero/junkrat/
eeac8ffcc723397981d4b993425de8f4,hero/junkrat/
f18eae042d5740a82695581517186dc5,hero/junkrat/
f5c8bcf6d83465950e3cc640ba5642da,hero/junkrat/
f7923eac34914fb97a811c19f96c97fe,hero/junkrat/
f7a176ab32b2fcf669cd3e0ad8d7698e,hero/junkrat/
fd93304086176975237ba38b8d98d78f,hero/junkrat/
46a6ed2ea4d1500da9b8155322a5de23,hero/junkrat/come_out_and_play
8cfc0a0a1ae9b52986cb5f93414a34a0,hero/junkrat/every_once_in_a_while_you_get_a_dud
80f61cfbe290590ef579ed1c1c55c511,hero/junkrat/fire_in_the_hole
05e6d4758993933349fccd92d406a4f8,hero/junkrat/i_love_my_job
4b74bcf2afc80bd885f728110048105d,hero/junkrat/im_blowing_up
5658177c5ff7cdcc8b9b57301d582b76,hero/junkrat/im_on_fire_well_more_than_usual
a34e14a23c23625f8e23d30e153433b0,hero/junkrat/just_when_things_were_starting_to_get_interesting
c97338e5baa8dc38544c11e06efeb4d1,hero/junkrat/let_the_games_begin
dba800cf490e2995b322d7d7e6f130d9,hero/junkrat/my_riptire_is_almost_ready
3eb8d862e7ed0e593a63f86b26a5553c,hero/junkrat/ugh_that_was_a_close_one
3d5ff73f560819bc35d9036269bf68f2,hero/junkrat/whys_the_payload_stopped_clocks_ticking
02147a6129de6661ada91348c2f39360,hero/lucio/
05211b8d8a2e43b9f52c759dacbafb1c,hero/lucio/
08108bc8631b809006a737510cee2c2e,hero/lucio/
08e4bcf598121516d13edb1309137495,hero/lucio/
0b7d5010a016623d28cba264fb9e117f,hero/lucio/
15744d6440ccdb9cc80d7eae908e9a5b,hero/lucio/
15ed3ff0a8fe8071aecc7b92af5ea774,hero/lucio/
17fbcc32e85ead825eb9b31f8cf1ac15,hero/lucio/
18136837d3c748fe919d7f59d5fc928c,hero/lucio/
19c808c730188956f7a42db39146cc2d,hero/lucio/
1b06f0d84620f2414e0117bd0d24c24a,hero/lucio/
1e3aed2f8e2fd81ac0e2138542aa73d5,hero/lucio/
218af92b0685403cf34919c0d532e424,hero/lucio/
292afb5287b04567862137a6db2893c3,hero/lucio/
2e254cf7d8b1d1e9013cf830f90c9368,hero/lucio/
2fc90e3180627b5a2c692d5b1617e6f5,hero/lucio/
4ce484be91de0c86defbe886d8179837,hero/lucio/
5242c9818cb167c5e705a54313db436b,hero/lucio/
549e3a8ccf6bf085c43c2bd2ee0345e8,hero/lucio/
5553124da2e885ba1dc9f08730078c51,hero/lucio/
5af7e6768f6955c53e58e79812018232,hero/lucio/
5c43a33300d4abbaa50913e31b8a9d6c,hero/lucio/
5ecbb3790c5f9a782800f3cccc5341df,hero/lucio/
61b4666bebce183753aab62220fe76ea,hero/lucio/
69ae5aa70cf8a9cbba7b42be3607abe9,hero/lucio/
6fc7361a2c2e4fdbad8a8e4dd822eb2e,hero/lucio/
73af3dd8c60182b04ce8609d81f57579,hero/lucio/
7e65c457cec50db51a5008eb5564cc89,hero/lucio/
867324aeb5435b1304f7a2e08db95b5d,hero/lucio/
87fa046672b8c644d38a4438a4411455,hero/lucio/
8a26a81eac128355b8796c0188fcc7be,hero/lucio/
8e5ce744ff26abcbcb5fcbe9a298f020,hero/lucio/
9171b125a08555c20bd02ab30088bc60,hero/lucio/
967a48bc5498c728e2c882637d9195fd,hero/lucio/
967bda0e90792a33ae732c3ffb568cd1,hero/lucio/
9fe5030fa6410d9df89d55029bb5226d,hero/lucio/
a3873641a3b37f376c1db96de7e90380,hero/lucio/
a38a5d4061680510d2cbfd59192a0875,hero/lucio/
abeac8b42561ceefeff074e8dd5ff24c,hero/lucio/
aca67db75f130477eaf74bbe09a156a5,hero/lucio/
b454de15b1dcb38ca46c81b532128c50,hero/lucio/
c278f751d037245c79bd5864d6962445,hero/lucio/
cd9600cc9cf91755ee24936ef076132b,hero/lucio/
ce561cb51ce7daf909b4e85ec2a32ac1,hero/lucio/
d806f53313eeaa8c8b4b50b63514b7f5,hero/lucio/
d9b70ee73e56bd7d182e062d0f81aca8,hero/lucio/
dc0d7c3f152e78b7417f293cf0c11242,hero/lucio/
dce0a2831d75030556e6b8d3c3011782,hero/lucio/
dd6074aa67c6bf5e0a3bf56777c296f5,hero/lucio/
def56b0031ab928f3f6fc232ac939bcf,hero/lucio/
e05cdca760957b71c05f509fa7715432,hero/lucio/
e19d406eece05926bf9e2e3f2e380ebd,hero/lucio/
e442d95b98c5c277fcc5f60396c6b4bc,hero/lucio/
e582361abef110a387f4fe2844785eb1,hero/lucio/
e5e8989fd6150204ef674765610d929e,hero/lucio/
e8622fe9089d25ddb1bd12fe20824a1e,hero/lucio/
fdc8781fdea901a73ef21da9f4d273a0,hero/lucio/
056ade094c8f12a887be4f50ba6fd836,hero/mccree/
07cb444860ee196edbab92a0bc51fac9,hero/mccree/
08d85c4832302685603cf92aafac4098,hero/mccree/
0d14092d987fbf2bfeb1e183fed21fcc,hero/mccree/
0dba7db02448a8d832a30ae7f3b743ce,hero/mccree/
0f36a322649c851d6bc52e953c5dc30c,hero/mccree/
15e667f4f2495f6c4dac20256fb7742d,hero/mccree/
18235e2a9bb7407674f199f986319097,hero/mccree/
1c9f55cd7deb33ad438a19c5b812a8d2,hero/mccree/
1da8bc35d9ab7f2bdc1cdfdb43687c9d,hero/mccree/
24f6448bbeb2c8d0e0f3f8a4cf8d7b45,hero/mccree/
2b3e2dde8ac110dbe21229ab256c6023,hero/mccree/
2bfa41f72e42f679aa2489b41a5c1b8f,hero/mccree/
2db1dfecb58ff0fce73a5176c349c989,hero/mccree/
323b5460a3d6e374735fa81a43825078,hero/mccree/
37ead65eb7cf594efef0a9a3f1488166,hero/mccree/
38ab7d72841bbaa1e510995214a2beb9,hero/mccree/
49539726401d3e4f39305c36d5c64aa6,hero/mccree/
4dffd2ccd42cb5db9c8bb4784736298e,hero/mccree/
4ecfa0487e06cdff6c28bd741959381c,hero/mccree/
5206088be7f4b34890a3d42da3d7d553,hero/mccree/
53ea5351c758f9c4933fa8e0081a3397,hero/mccree/
56ed9cd2f3537d4c042a158710ebf735,hero/mccree/
5769c9d7a645e787086c4f6deeafe899,hero/mccree/
5773539e33cdcbef94490b5a439a9df5,hero/mccree/
5eb90f430377a20342125f449efcdf79,hero/mccree/
6183424bfeef716193c30e1facc9560b,hero/mccree/
64b0cf364d0649b912612d60080b68e5,hero/mccree/
68eb4a25b11485e486faa3a465d92c54,hero/mccree/
79a9cabe82f10160dc2a417903b71380,hero/mccree/
7b6ddb656cb8c219b820e51ed70ab370,hero/mccree/
80d04ffa416df7aab8c908c81abfa847,hero/mccree/
84e7b4867dcdfe84b72270a0840ee002,hero/mccree/
84f1d6ec929bbac5cc17410810e4cc40,hero/mccree/
891e13fdef331125f0ecaa7cea1a8fc2,hero/mccree/
8cc46432cf28c732574e0c9f79b741e5,hero/mccree/
9414055a31fdf913d21725caa94ded0f,hero/mccree/
94b01f0e297877eb3c27b1483df0b314,hero/mccree/
9e0cadaba35e65957e56581db36c1bc0,hero/mccree/
a572ac24af8f8c1c5148ec24cc1ee91a,hero/mccree/
b0615136b72dc0dbfb74fe9ead20a390,hero/mccree/
b1f1e08e8d67aa2a1499f0f4f5fd8f2a,hero/mccree/
b73f7b871956145d510ec6f5352adb5a,hero/mccree/
baef8675718893d7334d86aa7ed334e4,hero/mccree/
bcd44159afe51eb2564010a3011d4d94,hero/mccree/
be15dbc055f777b9559c5be27a523e54,hero/mccree/
bf2218f6d058891e831ea976aad9bc8d,hero/mccree/
bf900329ea6bc02783c85fb82676d1f3,hero/mccree/
c055d274cebcb82214d54cdb407f906e,hero/mccree/
c30e4f89c62514c97168c919b481a038,hero/mccree/
c4f2eab8ccad3431b2af4c2b3ba7b0c6,hero/mccree/
d1ff2bbc2cc5a0e65ffe8d0d5898e699,hero/mccree/
dbc3498a2f14d9ad75866d7dee4fa52f,hero/mccree/
e12ab2901ee1a2708d42167aea16d4c4,hero/mccree/
e1c8b43b72aa7a532375fca6e58d2530,hero/mccree/
e2b34b31989189b371ab510c3bf5bb37,hero/mccree/
e5f341cd899a45b553cff54788d24757,hero/mccree/
e6d769957a05ceafae31f7917600f0ec,hero/mccree/
e9ce157852551ad4d2c99e4d89a8c8be,hero/mccree/
f1d12aeead13592d7d97e877b9df7a1c,hero/mccree/
f77cff6f2980b376eecd1fa87298cf11,hero/mccree/
fad0cf96dfede4c0d8efa474233df194,hero/mccree/
040d1bc9570f34364bb09446500e6e15,hero/mei/
05a56dd39194a6dcbd204b7933e49887,hero/mei/
05e052c5734c1b9e933d9c2b73b91e3b,hero/mei/
0cd10aac3648bcb1ea9866754573df38,hero/mei/
0d254f22ce9b55c8e35cdbf25bc5f537,hero/mei/
1f064360c7d6cf636805ebd1ca792e67,hero/mei/
2529e1d1c1211ce61e4264bc84a32d58,hero/mei/
2a7d5957735f213b1a41fb26baa600e4,hero/mei/
3bb9c2d99ab1e58b7b3df1b3ccee5464,hero/mei/
3cca47ee52aa029b6ced2fc1fe64e4b0,hero/mei/
4020642083c248aba297125ce2e5f595,hero/mei/
46af56debff45698bef97b62ea04432c,hero/mei/
4de01aa68a544ace4a7c333d7500782a,hero/mei/
500c2753ed02796709de008271afee44,hero/mei/
50831c56efef947a4be5094bb705ea64,hero/mei/
576fceac326ed2ed95275b654220aecb,hero/mei/
595daff8b26dfa1cc421c75f55292db6,hero/mei/
67fa879474f1a4fb47f0ad6b7b74dafa,hero/mei/
6960cfdfda8fb749a50a5e93ef95a36e,hero/mei/
6a9e6a5a52b91bfce47968d6514944c9,hero/mei/
6b9b3cc9355def1d982648c7b3d6c0fd,hero/mei/
7acdf957677a4f8817bf808d65ef4e89,hero/mei/
7dd4fd4e98502f7c695609ab1ee25cfb,hero/mei/
877fd4f0980a03be40103ff5faf7ed17,hero/mei/
87cb24e89a6739c9cc3e2297dff1cea7,hero/mei/
8c6340e921251e7e96dc647ee447ff03,hero/mei/
8d96d8a51ff5222ae034aa560758259f,hero/mei/
917664f464d1b2dd55369d5b4b4dc753,hero/mei/
98f0c593052f6d3fed1a412c333fa5a7,hero/mei/
9c93770977d71146b5a2cfbe9552acf8,hero/mei/
a13d230ab6b2aeb0735afc5f3d802d13,hero/mei/
b2533a0b015f001c5de86f4593c4dcf9,hero/mei/
b26e9296c30255ce9621ff1777bde05e,hero/mei/
b6180cf173c75a4bf32bcdf9c36dd20e,hero/mei/
baf014ebb3464bac065c2603a0f167d2,hero/mei/
bda191a0423e000363b790b7d6066370,hero/mei/
bf61039b945fa2abfc0fafd2fc82e10e,hero/mei/
bfc47a15c2353917d3c50a0b02ae966d,hero/mei/
c18233d17f677ccdf64511eb55e94f4c,hero/mei/
c1bb6d7b9eafb93d8e87677bac8771fc,hero/mei/
c313b573b0f97922f2de6faaf202caf2,hero/mei/
c3e58de2ac8faff9348a4f33f189a818,hero/mei/
c4403347c206182f85a05941c1001374,hero/mei/
c6599d0ea453b31d725101029613e471,hero/mei/
c7acf95f3dcba1bf179f29e839649609,hero/mei/
d136ad79c7ccb370bab3fa7b063f7f8a,hero/mei/
d5d5b44f5428c8fb651db5aa303ab261,hero/mei/
d99483d5d480d108874789387b30e207,hero/mei/
e256b4222e57c3667813a57860bf52c9,hero/mei/
e53f95657831c3b18551d518faffcd98,hero/mei/
e762a5bbf3eab20b0e91b03877631006,hero/mei/
edbc74b1c1235b4f68dbd19f79898df8,hero/mei/
eebf64623b448a9ca6a7adeb433998d2,hero/mei/
b8d9af1d1d953de37c8904cb85b7f9f0,hero/mei/enemy team is down nows our chance
02ca1946617a0f3e8a6a19db65b0ab81,hero/mercy/
0337b03838d600ee00e0fe719974278f,hero/mercy/
0b4660d964f376affcdb1f5493edf99f,hero/mercy/
13c4e85b6c4bc8ca67883e31d00f07d4,hero/mercy/
167404be4ba9b0d217833c8b5fb5b78b,hero/mercy/
189e5937cce1b12e5fcdd2dc5a805b33,hero/mercy/
1f5fb5489781399cd0bfcf72dc1db8e5,hero/mercy/
263c1203876ccded05511c6d2eba9383,hero/mercy/
342f09477e6a182d8745aa331eb4c61e,hero/mercy/
35b1edcea28f0841eadce58edd171126,hero/mercy/
35ff69df815e062f08dcd4ef759f3ff1,hero/mercy/
38249bb0d321d63723a907459a8a932b,hero/mercy/
3a1fb1537b51d0a473585c45ce5ba903,hero/mercy/
43359b30a364288aee9490ea8e911b7e,hero/mercy/
438b53f6ef2a29cd691bb7c4a99be199,hero/mercy/
45f0fcf8197846473a1c2c8604ca8222,hero/mercy/
471acd11735d9b5a89b81d29d1d6453d,hero/mercy/
4bb2035349af76382c93b350f291a8d2,hero/mercy/
4ef73a1a93b1d1c9ec9bab7580e8b0a3,hero/mercy/
50c0b7ec2037d6514832cd312ed9b643,hero/mercy/
51702f767ed304b15c4d3e4e932680ce,hero/mercy/
536ee1721b38b44a7607cafe8e0fa251,hero/mercy/
5e8c01a72f3ab5117a66f0aeebe689d1,hero/mercy/
620014c864a6d38fb95bb5c7f98d2866,hero/mercy/
684157b5caac08c327961089f065df4c,hero/mercy/
75a8c5a1537cc1f87cce5beddada16a7,hero/mercy/
835f7fc36d58d3b8b71f6bb7d0fcd9f7,hero/mercy/
930412719df13e37c9b89d5cda788931,hero/mercy/
986db0e90748e89f4008e9c914c683f1,hero/mercy/
9a28228320519cea39233691df2e5649,hero/mercy/
9b16eb1e4b6d9bc29fe806dfdcb3d11f,hero/mercy/
9e79a8ff7350ca53d4f1fce14d369456,hero/mercy/
a2f4796b019f5d3e8e42289142c2da2c,hero/mercy/
a82fe35eb8fffd1452740ae412188309,hero/mercy/
abf34345163625e423189b74acd74e1b,hero/mercy/
b0bcb10f48496883eaa215295d94d026,hero/mercy/
b6754d0aac1937d9f9a08cc6220573ad,hero/mercy/
b8d86bb54fdeae786b4a4a38901dd590,hero/mercy/
b953e6165afc7550ad7d9f37a6aa704d,hero/mercy/
bf34cef95f2043f137bb49aab35d572e,hero/mercy/
bf34cef95f2043f137bb49aab35d572e,hero/mercy/
c0d4a7e13efc5e96ceb03e061cc1f195,hero/mercy/
c49efdcf419db0774717930fde318a77,hero/mercy/
cac45c6fc382a51940311e5882b5608a,hero/mercy/
d2477734a41fda59b2994ac0c8c9a9b0,hero/mercy/
d55393227c006f57761f4892b29a1f21,hero/mercy/
d6f4cf248ffcc45b4447938b6ce0279c,hero/mercy/
dc62f494e86f8689d13c51edb43fdbc8,hero/mercy/
e168a87f4a9b586f8eb6a50c60e72dc8,hero/mercy/
e84054cc7f500a1668deb32321572168,hero/mercy/
eced2a065b0a2d910a4cda63240ea104,hero/mercy/
f1686ac8b023dc8b07bb848e2dbe29a1,hero/mercy/
f439271ba0d9d1a6fbfd6c1b3fe8797a,hero/mercy/
fcb303d3ebef25aa6b537cf5242f061d,hero/mercy/
9b99097e38713bd5201d8382a5bc2b2b,hero/mercy/ah_so_thats_how_it_feels
10ad3b102ff475897ce8fb02205a2572,hero/mercy/we_could_all_use_a_helping_hand_sometimes
0855e801ebf0791673a79bf7fa38af99,hero/pharah/
0ed773217c8a70cff6ea4849a6aca5ea,hero/pharah/
1249d47b2f1c328ce89a010d435c92a7,hero/pharah/
1a73d69d4e7eea138252068c20c86cd8,hero/pharah/
1b4e2cc213166bfcb26404905c0743a8,hero/pharah/
1dea0ee7f7049c7bb4708cf604eca8b9,hero/pharah/
2a92b88afb45525a408f68d699c44923,hero/pharah/
2c7514cb0c9edcae60d6110cdf87f11d,hero/pharah/
31bc129bb3b99007a336bfd60bbc1141,hero/pharah/
3ac1a179dee536ab3f30d5342565543f,hero/pharah/
425aa9ea06a2c668512963abdf38c040,hero/pharah/
461e037942075e2b44b85119108d06e2,hero/pharah/
46bce7e73c1086712de8068bc43992ff,hero/pharah/
47a45c5d3ad38184bd224b5dc651afc4,hero/pharah/
4d0f17be8edce9264a23007b832a3046,hero/pharah/
4d8a7a88b507aeff78847c3647bf73b9,hero/pharah/
4eef7bae3ec5f26a640fc199b4116688,hero/pharah/
4fdf51e2a2d15fa3f8d86c8601104b5a,hero/pharah/
5a4bce69f5f4038080f0c1eb7315c265,hero/pharah/
5cd67bd3f0e57acc607374a8ab38a4ad,hero/pharah/
69c5c8f1f4def5db48d3831ae513a531,hero/pharah/
71184b7871d3d222a3bf37709e4f6009,hero/pharah/
7f0a1485829f280811b4dbead7aafd20,hero/pharah/
8381f74eb7da15fc05f0965c7a3c8639,hero/pharah/
8567534841febd4471d36a053af4b115,hero/pharah/
918c3a4507a5e9cdcb5f24aabf21697c,hero/pharah/
92a257564ff6f0db1d76f8cf0722e702,hero/pharah/
9b6f8ffa1966d7b0160241e3327d5ea3,hero/pharah/
9fd457c898b0f8b988346204dd91f004,hero/pharah/
9ff5ae4685f43a019dcc74cf9d965422,hero/pharah/
a32f1f609e8dad4dca42093cace2987f,hero/pharah/
a44cc301070a36ef44d684e5a1dd1031,hero/pharah/
c9662408f7314d1d60ce1d01bf3012aa,hero/pharah/
cbe4de597afd4f543a8e9202adf2684f,hero/pharah/
d3cc27e5441300166779b5561863677b,hero/pharah/
d48af1a8a5183010d43aca665aaa88fb,hero/pharah/
de05aa719dd1a9c78feca52ccf0bda9e,hero/pharah/
e1e0155cfc569d3c00b7821d94911a82,hero/pharah/
ea644cef323307e1957b671108982d24,hero/pharah/
ece8ae14ccfab46591a94f02b3548339,hero/pharah/
f3296ce4f9a4b6e625f16da3462e1209,hero/pharah/
fe0062e5eb3e582d2920b60e3de408a9,hero/pharah/
928b7ca95bf392dc4d247d44d2345fc0,hero/pharah/enemy_team_neutralized
05c9e0e0b49fab78327da05d0932c18d,hero/reaper/
083861937313da813b2b6cc8fbd64885,hero/reaper/
08f9128a24eacd53ffe14d2a182ed906,hero/reaper/
0df8176c6e86a076f81495834502e74f,hero/reaper/
11c0de682efc2a605f1551f220dfbcb8,hero/reaper/
1a11fb7028dcb517d5afa88eda3227c5,hero/reaper/
1b9d787002310ac29c262e183d63ab1b,hero/reaper/
1d9e57c1897c5f9f7ad6d5eb7b0296e7,hero/reaper/
2791ae6859c5f1aa2c296115efb57202,hero/reaper/
3b3acaac81a9e297b1970648f47b179a,hero/reaper/
3bdc9bb80a705a6f639a7c8638a560d8,hero/reaper/
46c9217edac782de57362209e665dfe5,hero/reaper/
4728e366c1f07e8c3d80dfebbf8911af,hero/reaper/
4d3d007a877b75a1580aaef0eeaa48d0,hero/reaper/
60d4d814bd5978d55f75de14c5e38b0c,hero/reaper/
65ec475b49e8b483315d5c7ae4be8298,hero/reaper/
672a89a945f5f2e592c9b6830fb28955,hero/reaper/
677ed9e08fb5b96438388266c6d9a0cc,hero/reaper/
68eb3b399d78e1f27b759f3bfb5b436b,hero/reaper/
6db8af5a975158b4898415371f0bac86,hero/reaper/
702ccb87dbc6df00200c91538a721d16,hero/reaper/
73cd46f1a82a5448a1f1426c88acefef,hero/reaper/
7c3f0b022470825d98cc6be1f1dfbed4,hero/reaper/
7c6880f86e08fe6a15d3f3ace14d842c,hero/reaper/
7cba64871512bbd1d48cce4c96387155,hero/reaper/
7dfe7f3131de2b35ab39d249fceee9ad,hero/reaper/
82de5fb0be14549fea4672bbb6397f64,hero/reaper/
8332e933dd0cc2dd30fe6391cbb73aa4,hero/reaper/
87037002eb2a3eab85d5950879d422cb,hero/reaper/
87ce0db0fb71f4d9cd99771cd1b9c6d3,hero/reaper/
8caecf2c3e8ef0b0db04813f627c4420,hero/reaper/
91f5b0a7e8b7191bab294d0ef546620a,hero/reaper/
946e7c9d8751890e96d885dc929a403e,hero/reaper/
9525d572fbcb3c0fe453eb07770847e1,hero/reaper/
a280aafe8fe69a51dc97849fb2990dec,hero/reaper/
a667ecf4d98423b6f264aa7d81a5678d,hero/reaper/
a97571d40500f9e278905af57cf6ebf7,hero/reaper/
b14d823c96e9dd60ac5154763e83632e,hero/reaper/
b29e02e749029d48e9dce9839fb31c22,hero/reaper/
b3bdcd159fc756f132ee0ce82bb7c7d7,hero/reaper/
b434c74af7e040060c03a2325e35c3a7,hero/reaper/
b4f22277a559da1eb12c26495351355d,hero/reaper/
b608e603d6870a45c578edc12121cbdc,hero/reaper/
b8eb95fecb258870085efe0ad048132a,hero/reaper/
c0ea2207fb3794335bb4b1b8129cccfe,hero/reaper/
cddf4ce6f547287c605c2ee6c1e47654,hero/reaper/
d1f184d50c7e54837793f5fc208963a2,hero/reaper/
d612a9e94970738d79e46f0c37b3a097,hero/reaper/
dff091b8f1436ed15b626184040161c0,hero/reaper/
e2fcf34926aeb79fae4e1a3dba78fd70,hero/reaper/
e3e0e004d25f42669ef7ebf822e3725c,hero/reaper/
e4cec15730f7c30f5f5ee0ad2397d87b,hero/reaper/
efe79c3e4feef6bbb18a3e5c2e70f6d8,hero/reaper/
f5b7ebfac6a84056433371e063135ea5,hero/reaper/
da084252ef913b6d9605af59cb754eae,hero/reaper/death_becomes_you
3e12b2bc55754e26d3cd14f0a0040b89,hero/reaper/death_comes_for_all
6c6172190ca78b49d8611aa943cc2283,hero/reaper/get_me_some_armor
3f8feda344c34a8af0b3257477191a9b,hero/reaper/havent_been_back_here_for_a_while
800002b224663b8efc009ff42ae622f2,hero/reaper/i_am_the_reaper
efeb89f40c892af2041438e84f1ae62e,hero/reaper/i_dont_take_lessons_from_you
b581c5cba44030531dcf15c308b98a54,hero/reaper/i_see_the_enemy_teleporter
d966cad9b926309e19fa9e32aca6bb3f,hero/reaper/im_unstoppable
217673d6f5501aa6590edffc19ea7eb3,hero/reaper/stop_the_payload
a708a17a8db3d7603433b6a923da648c,hero/reaper/you_cant_be_serious
b68d35746d2f1c9b680e07b383379a80,hero/reaper/youve_got_to_be_kidding_me
04b4774e136bc9b6f8bb2d4aa85b7fe3,hero/reinhardt/
05a45db58c16137f8a60b38b8e91396e,hero/reinhardt/
05dc07786a52727f3d3a8f7070d04d6d,hero/reinhardt/
088a3aff6859fab48fb725b5bee6be79,hero/reinhardt/
08fa02aea87bf6785ccff7d22a685b40,hero/reinhardt/
0ddf08f21b8066ac4d41524ac01344ca,hero/reinhardt/
1172927247a465b2b6ff0c8cf892ce40,hero/reinhardt/
12db75e6dc71f3ef3428f21c23f354f4,hero/reinhardt/
14fc7cccfd4af2e94c93bc731f2288c6,hero/reinhardt/
18686d0a7fdcae3f51083d50ce847472,hero/reinhardt/
1b55fe40c622ef834d9aa856d947406c,hero/reinhardt/
1bc922d4ebb22fdafcf50bf462983164,hero/reinhardt/
1fd8f8718efcb6599904e99272826d35,hero/reinhardt/
20ad411bfc046db26394508f8461718e,hero/reinhardt/
219fdc2a60fb34b6a73f1fada5163360,hero/reinhardt/
2594e4ea5bd8620c05495d962cdb8e5f,hero/reinhardt/
25da3b44ed7c3e3da67edffb76b0b935,hero/reinhardt/
2e3a4bc04431509986be7ae3217b71b9,hero/reinhardt/
3826719de66bd8f9459b893f4af2b2e8,hero/reinhardt/
4237e0a78bcbda4b2cb2fd6986a8a70e,hero/reinhardt/
424499affacbd8b95abe55dbe96cc9b1,hero/reinhardt/
43edb585a3472067af4fcbc4665a6e45,hero/reinhardt/
441c6b6b63cfa701b7233989a5f0a563,hero/reinhardt/
474c9d9ff1024a8a215a30592c6a2acc,hero/reinhardt/
4de53b166f21b86186eb73b0fc795659,hero/reinhardt/
553e39fd681e62b05f18ba5fed1a1086,hero/reinhardt/
558a0602995d1e0fabc85b6825691bf9,hero/reinhardt/
5979027f3bf3dac7ee0076096ba99605,hero/reinhardt/
5f82fd462fe3e67f981339d8065200ba,hero/reinhardt/
62c7714bc2209babf5a7ddf7df82410f,hero/reinhardt/
66cc444c2d0547ba7b074a017c600947,hero/reinhardt/
69bcfcd4f15b057882e4163a49889a8b,hero/reinhardt/
6b147557b674ccb594ab8d7f39630fa5,hero/reinhardt/
6cfc9417e33abe44e47d2755c8a4715f,hero/reinhardt/
7042f7d06b37b017d6e7046a4f461d64,hero/reinhardt/
7473fdbc728293fbfd2f91cc9c0e6f55,hero/reinhardt/
74cf947bb9ed6efaa78e34b708871725,hero/reinhardt/
7a375aa109d51c4caa5a5a92b431e809,hero/reinhardt/
7c431a5201b6b5c2a4f63477447be363,hero/reinhardt/
8ae82cb9fb1f3a3d3a0dce0ac4b912fa,hero/reinhardt/
8b33617b6edfc1181a480952eebc0b6c,hero/reinhardt/
8b7cc56d7dd5668582df7fa62c72841f,hero/reinhardt/
a0513f10fc6077b703d3d2afdc72bd87,hero/reinhardt/
a176b205a80a1c6918c55309f7051ded,hero/reinhardt/
a403b2a78d4f360c2cf88b649caa6cf9,hero/reinhardt/
a46157b2fff94cb76c8bda074de188b4,hero/reinhardt/
a79422a1238d0116b5a61fbe9ca6fe63,hero/reinhardt/
a7caf82fa64782bdae46d96c98547802,hero/reinhardt/
a9dc9b47a90ffc7d6a43f00d6aafcf48,hero/reinhardt/
b1ef1e477bd49461e1e9f9b6e509e309,hero/reinhardt/
b2182795222dacac40659747f416185a,hero/reinhardt/
b23e0cfb00d9a216c3b3fbfd1dd2111c,hero/reinhardt/
b7429b05678c66051b5c4bf70be55a2b,hero/reinhardt/
b78c70f1f3ffcd6798cb0921681a0bb3,hero/reinhardt/
bad07e00e8e4ef096b2a7e4f2a507cc8,hero/reinhardt/
c0bb4c86bc6e302e65e1efe6594bc584,hero/reinhardt/
c4a2fa906d32ca24b5f2d771b9101a8f,hero/reinhardt/
c7e48da148f5a106dfe5c468b0239c52,hero/reinhardt/
c90491778abf15fd5b2d46f70fda1518,hero/reinhardt/
cb3da6e1b9aa401d5e21feeecea75284,hero/reinhardt/
d27689e241e79d70cc3074a9c4330705,hero/reinhardt/
d70f4a757093e0c7510d19ebb3abdc71,hero/reinhardt/
d8c941dc991dc69091ac38fb4e19f2a2,hero/reinhardt/
dc8572e22c295e74f33ef594494ade6c,hero/reinhardt/
ddc91209f584bee856dec0d7f0e88745,hero/reinhardt/
de399d0828b4a84a95198af98f3bf696,hero/reinhardt/
e0b1ff7f0abcf5f73971ef5234dcac9d,hero/reinhardt/
e5ee86a79d10c576832bf471f121f4ad,hero/reinhardt/
f298390f7389022935d182191791e875,hero/reinhardt/
f2c71bfaee68b4a2b2aa85487f1c0578,hero/reinhardt/
f4aa33dbf2fe062932d9e692b1903f13,hero/reinhardt/
f7ad8d786ed9284b310902e534913993,hero/reinhardt/
024c6212115351a9af0691eb21d15a29,hero/roadhog/
04441457e6ebca7621e2489ff10a127a,hero/roadhog/
06917e4d63f7636f3cefc38b5df9140c,hero/roadhog/
0b9c160cefa00debe01b1edddf0f58e0,hero/roadhog/
224462093e61ad2a0312bc5f065d1451,hero/roadhog/
257ada329eec0d52b5a5d2c381a65423,hero/roadhog/
29ad1b7b149beca413e08a1f0a037961,hero/roadhog/
3998f12de9f618b36ff5b2737bf7aa1a,hero/roadhog/
3998f12de9f618b36ff5b2737bf7aa1a,hero/roadhog/
3ba0cf84ca67cc0f5478545e36d25e7e,hero/roadhog/
43b4ce83d47719c940cd7371da80f1c4,hero/roadhog/
4ff7b04e36754aaf9691d6a7ba156078,hero/roadhog/
5a0e1719b25ccf83dbb586104b67bee0,hero/roadhog/
6080827595a9128874fbdac6f207ad68,hero/roadhog/
635f7d611288ce750076184d72bb68a6,hero/roadhog/
6530db7f082e36a6dfa12f950db4ad9e,hero/roadhog/
68ba6653b0e717c86254203bd7bc57b9,hero/roadhog/
6a6e4681a79ff02633106f7aa653dfd4,hero/roadhog/
7799d89fdac7477d98f6b811adf70cfe,hero/roadhog/
85d3e098de6837ce19f8b64a60d58a23,hero/roadhog/
8ef166804f3cc56f62a15bf6819123f0,hero/roadhog/
90b918c299294869c3040e05d85d7cb0,hero/roadhog/
982e3e076410c5bd41de3cfa2e400e68,hero/roadhog/
9a09ae0d94e9a21e38493d9fc4d09272,hero/roadhog/
9f98e55cd163e582e9710a3c06f068c3,hero/roadhog/
a05ae906425d9cc64d3a1c6f7abb3197,hero/roadhog/
a3fc78cd5e639d7e1709219e8c0029c8,hero/roadhog/
a5c0cda9de93dff18ea5dd6ae533dd09,hero/roadhog/
a94d146ea36b9f5572fad2186ec1f4cd,hero/roadhog/
b9825e1ac47096bcbca1ac1c0eda62b7,hero/roadhog/
bbe003ccf01fc293b83a52c820ad26dc,hero/roadhog/
be2e1a4b5d6ddfd9ba02013cbc91703e,hero/roadhog/
be669854599886f408085a0fba8c0e42,hero/roadhog/
c30c420fffe30feb6376cb1289a10cbd,hero/roadhog/
caa2511d91109bc09d18ef855a9a5e43,hero/roadhog/
ced34f73e9b6d704371a6cd36396b190,hero/roadhog/
d16398b95ce2d6671e14a6fe2ec36fab,hero/roadhog/
d1c24d7582cef75f920b9d5f72533059,hero/roadhog/
dbd20e841c265041ad0f252e1694f1a3,hero/roadhog/
dd104d1ebbf560e85f8ebe5b1dc81bc0,hero/roadhog/
ddda62f4518f202619c16c1b206bdee4,hero/roadhog/
df55a5630a966c066c696e2fb56d7e28,hero/roadhog/
e1608a5e715dbd9b4a146816d8ebd180,hero/roadhog/
e32cbc957093137f5eb1487fe318214b,hero/roadhog/
e88135197a4a626ce593668747770b40,hero/roadhog/
f0231d9abfcd614380e2a65a76aef089,hero/roadhog/
f379486a54d1d78e6a62a55e54ab0988,hero/roadhog/
f58b869790cdcbad981753850606deb0,hero/roadhog/
f79fa083ec55ae9df6d81f129d053040,hero/roadhog/
fbf7679e2c68ff0271093b68399328c8,hero/roadhog/
06e9c36097d2c41edbde9d8e9f712b5e,hero/soldier/
07a98897d529089b2e1c59d3e25731e7,hero/soldier/
09a899774b5488ef59101b72aea05232,hero/soldier/
0b747774f018a60e4f6e33b4469cb550,hero/soldier/
0d3174d043790b41b0dc817c250e4a5a,hero/soldier/
1d1e1afb9248bbd2da150b4a709f24cf,hero/soldier/
25708c7c5c311b95fb7ffc8d6d672f54,hero/soldier/
28874c77f55c23bb8ea45f6dd5e1e927,hero/soldier/
28ea0e191d5590589bd3e83e53c91d8f,hero/soldier/
2c6396d53c92b6ecd16c0d399e955fdf,hero/soldier/
3303d727e54a06eeb24f424cbc437d11,hero/soldier/
3851b9b193309373dadebb2ae2f8525c,hero/soldier/
38d250e936147621b34b154a6f623a95,hero/soldier/
3be3ac0aedae0ca59bfe6b7401ee1014,hero/soldier/
3d7570c84a3fc9cd1030638a6f7fd721,hero/soldier/
4d855af99d58fa050f427005bbb8565d,hero/soldier/
543db8d6f5b3c2808badba06d58a0c08,hero/soldier/
5bb395fbc8ce820f00cbef6d0de71103,hero/soldier/
5f113f850908e507eabab11075b6e559,hero/soldier/
5f454924d262235cef9a384a1b7467f6,hero/soldier/
663b343cc86e1e8ccf3e9e97467c2108,hero/soldier/
6cde2c6b6fcbfa2212733dec746d3768,hero/soldier/
6f5fdb0a237251e29f596a0a6c1283db,hero/soldier/
79c11fcae91bccd2b78f63d5b142264e,hero/soldier/
7d3443b11e97054e5b716658091264b6,hero/soldier/
7dfa7a550a9c2202ec7e7bf2cede8865,hero/soldier/
7f198b1a9518e1da90e0c8c40288c8e4,hero/soldier/
81d37600ea9cabcd468c09fd7eab72d8,hero/soldier/
8690cd04d55abb23872274d766c597ad,hero/soldier/
89e9f36aa7d7448097c8e1b4dc52a21e,hero/soldier/
8c29e15110b5fd0df433035b6e88607f,hero/soldier/
8c2c2dd91f0c92c8004ed7ef878cb059,hero/soldier/
92053b4979c045b2ffa354d743f280b4,hero/soldier/
97106a0b8faac269dcec66db53257b41,hero/soldier/
9a2021c6864aba3953fe6c92e736a51a,hero/soldier/
9bddcaa711017c2d8ef65dfc28fc12ea,hero/soldier/
9ed31d40106bba1fc8a7453ae5c717af,hero/soldier/
aadbe8b509492b9144af707fd9c4b468,hero/soldier/
aff2a0d0273ad3c2638f1bda39f68b11,hero/soldier/
b5a1a42abfc3a419c4aed5b961a8f51c,hero/soldier/
ba0b3dde98c84bef7d7ddf4ef04bcb1a,hero/soldier/
ba7e18b69ec4839415b51ca4a9990314,hero/soldier/
bade0b1126aaa78c927e78654b47c953,hero/soldier/
bc2f7a6a49e489446e2a56c93788b9ea,hero/soldier/
bd874fded38032b19b8c70ede9bc4a1f,hero/soldier/
bdc3f68f1b081cd21a29ff6924f815d1,hero/soldier/
c101ae4c54132332ade29a665df9e19e,hero/soldier/
c5ae2b0d92752a0ab9f71a23ace42385,hero/soldier/
dbb2266eaee8188da50c6440cd156e0b,hero/soldier/
e2185eeb16e8235cd7809d198ab81947,hero/soldier/
e5d99ecd98b14c5ad8230bbee945c451,hero/soldier/
e62fed90cf3056283375300fbe2b8e04,hero/soldier/
e7203d0dd3fab4a8d240c0d0e57dbff8,hero/soldier/
f65e941306d18a3df63999c7023f5665,hero/soldier/
f67f311ba9b147e164c7e4300f44d7e6,hero/soldier/
f7641f6eb54278c3fc3b86a01f0dc749,hero/soldier/
fc5c4533993f37a619fc7cfef7c549be,hero/soldier/
ff755ae1fb7cfff6c0ee3f55ad0b4a7d,hero/soldier/
018ca6a52f9ac010ae44134fe60fba6d,hero/symmetra/
056ba66992f46e3ac2613eb4b3ee4fbf,hero/symmetra/
090985a3e804176fb4d896df1b4423fb,hero/symmetra/
0bf1422321c90fa6bd3816909deb139c,hero/symmetra/
179a8f89b19cc7c72ec6d5dd8aa114b9,hero/symmetra/
17e3eb16d1e92aa7cf518673e1dad2e7,hero/symmetra/
1b68276ea558b934c8b2e9c4a7cfc304,hero/symmetra/
1d5e5d334141dc7356919a5235f08176,hero/symmetra/
283d66aedb5f7d08b51b7b23bac59cf1,hero/symmetra/
2c3f840ad31e137eee1bde9a9b1da9a6,hero/symmetra/
2f02f328c381ae729b6784111ea1c187,hero/symmetra/
3261f0e1f376b07bba6674512a6744db,hero/symmetra/
3d34e1aae815fc7f17f11675725cb086,hero/symmetra/
42471a41740f18bfc5a93ace5e2e88fb,hero/symmetra/
4798d7053d9727a2b841ad31b5ec6685,hero/symmetra/
4c401f914a2e0973239cb4d017606283,hero/symmetra/
5805f64370e7f4946c0ef35b9bacf33f,hero/symmetra/
644031f503eb365a9b57b50d71abd7e0,hero/symmetra/
65f2ef2c1dcf08023ba940fcaadebf6b,hero/symmetra/
6c03b72431663e6c222a74eb9757d28c,hero/symmetra/
78c75f83d92f2052e27b19fe94fbb6ce,hero/symmetra/
78f6acd24f7873a10f71d2c03d14bc94,hero/symmetra/
7e2a458ce2de3f49b930d885155a68ba,hero/symmetra/
80186cd5c981324fceacb7afcda30861,hero/symmetra/
80b9656c7ad1d122404fafec8cb3f438,hero/symmetra/
84018b47cc509ee9d22c03824e43da4b,hero/symmetra/
849daf6de9dcf81edb222d5659cd186b,hero/symmetra/
864c2dc010f680cc2af17ae98202f61f,hero/symmetra/
8bd4fcd4ed8bcb5db886605f9a94a69d,hero/symmetra/
8f497aef1abcc13839049f6fdf731830,hero/symmetra/
96ab80148d50b7ed176ed4ab2be3ae70,hero/symmetra/
97f64e814f1ddba30a24b3e56221310e,hero/symmetra/
9a0cd94b798b3e2a782e411d3de0438e,hero/symmetra/
aa457e4187c63c40d04f180fb649ee59,hero/symmetra/
c384177d45dae606eed9d37ba4a66d42,hero/symmetra/
c47d371efd16a14521848ca1ddfb7cb4,hero/symmetra/
c6471a6052ce5123338d7afb4bfd3898,hero/symmetra/
d2dcbde1fc8a78d47e34ff18b75d8bb5,hero/symmetra/
d39d70a4d60ea34f21348d54fa6cb373,hero/symmetra/
f0e231d0ec1e3355ec603749a5bde208,hero/symmetra/
f79a7434d25e8cdec90c4dc2225997eb,hero/symmetra/
f8a4c0fab30d212012a3f09ee8a2d1c6,hero/symmetra/
9985b6a5e487f54078605b721eb4efe1,hero/symmetra/hard_work_and_dedication_pays_off
66a7030a2c29d889cecdf4de952bf824,hero/symmetra/i_am_used_to_working_alone
dfa154f1dbb78b86c1fa7e1883ad5c5d,hero/symmetra/we_need_a_healer
01164907ee7906eadded34fab3dd0504,hero/torbjorn/
02464f057c76903852335c6f2701106a,hero/torbjorn/
0889e3df4ddc10d8e19d4dd277cd2d0b,hero/torbjorn/
0b96b607a29dccf47e0e1a982c225d6c,hero/torbjorn/
0c3a39077c396fce96e9c590c143fc9f,hero/torbjorn/
0fa0496c564fd6135db9a13b45f165af,hero/torbjorn/
113de45379e5f2ec738c68b745d1dad4,hero/torbjorn/
12aa14689684b07ec1f8fc92a90ba7bf,hero/torbjorn/
18e07d8d81ff7a169359b05f78254dbc,hero/torbjorn/
18f3caad8534a60530f0ac2da10106a0,hero/torbjorn/
1c669e4307f8fdfa5e8b86ba7dc88614,hero/torbjorn/
1fce515602854060df7083233ad5d3fb,hero/torbjorn/
24b4711d3e2c0be8231aaa6b2ed994d7,hero/torbjorn/
2d6d587843b00de7b0a320d3554f019b,hero/torbjorn/
31d6daa67d8e823974ab09bdb7234a07,hero/torbjorn/
3a80d14512399b969897309626679936,hero/torbjorn/
3d7952acef8bd215ea3015ad4d8e21c2,hero/torbjorn/
3de4805e26862120712cd83fed5ce978,hero/torbjorn/
3e5ed75c57854e9a2a183a304337dd48,hero/torbjorn/
3ed73eea305639080df07a94466b8e9e,hero/torbjorn/
40d476a69244518df23de71bfe0fd068,hero/torbjorn/
4203416fa2b76fed3a9d7ff4e59c0b3b,hero/torbjorn/
426f5495a3898583acac7db765046f76,hero/torbjorn/
457f31fc55bf271189412c761959218a,hero/torbjorn/
4668538e0a64c0187fb0f37068178e58,hero/torbjorn/
46ca19d14d4bd51db9ef7a10a7f33912,hero/torbjorn/
4aec8003ebc8b1a5a3a40cebd009e16b,hero/torbjorn/
53364a6140e300940d114547c01826b2,hero/torbjorn/
54a6dd3fe07ba3300f80f6c0a13b0df8,hero/torbjorn/
55d316e22ccc23e4de657f0be721029f,hero/torbjorn/
5b1501900e11c322327ab8f8b363165f,hero/torbjorn/
5b47734830fdbd2613b2b8028085fce6,hero/torbjorn/
5c16de9598a0d3abaa77ee39bc5a0c0d,hero/torbjorn/
5e37a1514e4be1c020ca94299f73f411,hero/torbjorn/
5f28d84cf5ec9c079f8a11f82b0f6c3a,hero/torbjorn/
654bd2c5cc03e62d558e4298cf4470ee,hero/torbjorn/
6659061ce90925a2d4478c009dd361c1,hero/torbjorn/
6937e2cd77b3a94fe7aa6a2e559e3d45,hero/torbjorn/
69ac44070088734dd645084b8da5561c,hero/torbjorn/
70565bf919a39e14919afabb86f60f54,hero/torbjorn/
70899a94de00a220b40d86c0399dc718,hero/torbjorn/
7188388cd8ce40dfa6aa0c0d01bdf758,hero/torbjorn/
75e5d5bdefb69644e2d8d8340727a333,hero/torbjorn/
768eaa7c651c7028bf19355d599ac22d,hero/torbjorn/
7b53ec21c31ca897c76ee3c3d8ad64ba,hero/torbjorn/
818087704e0e6a2f9c93945e9ef7786d,hero/torbjorn/
8717936cd5f6d3d6be1d82c4666cc3fb,hero/torbjorn/
877d68290f38ed89ba4dc3e2d4d6306a,hero/torbjorn/
8bea1b966708f4db4a46bc80595a1cf0,hero/torbjorn/
8db40cdccb3b64ff81110c62c3e0bf99,hero/torbjorn/
975d0f02cd2588b5bdb904702c9fa20f,hero/torbjorn/
988fc53875e1ae208b4663a5781e7b15,hero/torbjorn/
9ada2a117fd76e7e23236105dee882b6,hero/torbjorn/
ba4543347a674a1e2380c075b741779d,hero/torbjorn/
c1fd258e3d05d28e6f26ebddd559e093,hero/torbjorn/
c3a7b21782283dc9d1169e17da468bfb,hero/torbjorn/
c5931e4544c52cf6728014674a391458,hero/torbjorn/
c7d713450236d40467e895ec906bce9a,hero/torbjorn/
cbfffa6c97c16acf91d9e470b40c9549,hero/torbjorn/
cefe8467ccbc1daa5a4204957ecfa0be,hero/torbjorn/
cf10b48336cf0717e8e009f3412b23b1,hero/torbjorn/
cf3d45bf24eee1fffd98e5879f59f3c2,hero/torbjorn/
d0e08ab7516d76eb4d4398a5e979c64e,hero/torbjorn/
d22b4ef67ba7a0e63fc24b2346c887ef,hero/torbjorn/
d40f1cb3e859a87a67d7ff168dbefcbe,hero/torbjorn/
d871ab4baf7b16f3cc5495f574e8d76d,hero/torbjorn/
dcce228ca72c1a86c17c31cb7177f5eb,hero/torbjorn/
dedeb8e36c0f93c6cfb91e5a08a4fe21,hero/torbjorn/
e54892cdc232e5221677d6641344c239,hero/torbjorn/
e69aa87ca79aa13440b256375f6d5d28,hero/torbjorn/
eb7af2481f5609d385bb6bee42d26688,hero/torbjorn/
f0f8b68bf3d0f55c6c02511c47cac536,hero/torbjorn/
f20f7a107411a67ee100938f675f0742,hero/torbjorn/
f23653436faba3f4f2ea88f66e19f425,hero/torbjorn/
f5e6a31600cbf7c17c1bffc54455c676,hero/torbjorn/
f601193c89dd0d430bde194509dfee16,hero/torbjorn/
f8e4b3b2fc889a89b72909d0828568e7,hero/torbjorn/
fd5a86e9ae119975e5e5fea6ac927ec6,hero/torbjorn/
01ae45d85f52b120e715752891784077,hero/tracer/
0300ffef33e1a081fc4df184e08d0967,hero/tracer/
057ae2be42125b1bd0c6ee0f8c22930e,hero/tracer/
0a03650dd478e347bebb2cbfc8ae377a,hero/tracer/
0aa61da6df0a900dcc0946c1c10d13ac,hero/tracer/
1fff28c8b0a1b5ac467c2409db05d00a,hero/tracer/
21b0827f52c22ffe4818624fa352c781,hero/tracer/
241970b818f5475b6dca97aad2bf106f,hero/tracer/
2888f9caed85b1a73baa01566734d440,hero/tracer/
2be767a9d247463f97d9e6dfc914e99a,hero/tracer/
2efa201894063a95e1b6ea128d389782,hero/tracer/
2f6fe629252f85494702e0499386adc6,hero/tracer/
36cef4d6932ff130396750e212b85149,hero/tracer/
38dd65c8ee29f096a65fd0e1309984aa,hero/tracer/
3a5c7276cb0e7dc81d9f8660ca26fcda,hero/tracer/
4bf4990edfa7ae80198c3c3dda18d059,hero/tracer/
4ce153ec65f1e079d580895b3a514b8c,hero/tracer/
4d1f0bf269df3ce51adf6c176e67987a,hero/tracer/
55463358312241814f064ff296d77187,hero/tracer/
557cb75ef0f758b2cee8d667a9ddb147,hero/tracer/
5954558244e116aab2feb7decaf8a961,hero/tracer/
5ba464e4b47d3a392f57cea7e1a11f75,hero/tracer/
5db67f44b003eb6634d710a798b81fcb,hero/tracer/
61001620801fa3415bc716a46a75691c,hero/tracer/
673df711281ec42056d5dc57ed5a13ae,hero/tracer/
6d9c1ef83ad92712cee17f26413c2b17,hero/tracer/
6ffee976737ad292e15000c3d0582da9,hero/tracer/
7f10d422433a90e6dbfb81d21c06950b,hero/tracer/
7f5afb9a1c600540c829fcd3b350076d,hero/tracer/
89089dfa578cc6be3f29a2235168f750,hero/tracer/
899ae37fdfaa21e2c6b2695eb3ca4d7d,hero/tracer/
8bfd1db57bb3681693d652bc2ba4cbe1,hero/tracer/
8d456527ab740518adea3b4c869a09ee,hero/tracer/
905c87f4c134efcac9a2577fbefaa0c1,hero/tracer/
92698a8436a29222310c9596d17cf197,hero/tracer/
93fa6bf5e916506e9fe74bce94b1df09,hero/tracer/
9b2e27cda5db7a667e713604039f757b,hero/tracer/
9efe6d0e46d560ee26efa3a1737740ae,hero/tracer/
a3e9a061d6b553da066d5282da131faa,hero/tracer/
a8ffdf65d974503bfd1e8c93daf92c9e,hero/tracer/
af404e45c2c2ea1c1cbc8015cf5f4cdf,hero/tracer/
b003ab886b9b839fd3f84cc953ea8273,hero/tracer/
b1a22d74414d852606b085938671d413,hero/tracer/
b9cbcc7295ebf2a7e87501fa4223508b,hero/tracer/
c2d60dfadf72cb4bae97e41e391c8ea4,hero/tracer/
c7d264e975e924a30ceffa1d55e76c59,hero/tracer/
c9763f6888acfd8e5b48b0621167794b,hero/tracer/
cd399d15c30d03406857a7ffc85875fb,hero/tracer/
d3e5f78cb9bcb4d39772b5e33b403742,hero/tracer/
d5a9a51af1b05b64d412f8f65a1b4c31,hero/tracer/
daeb8efe916727cdad70b1d3ad3c3db2,hero/tracer/
dcfa8caa75cda137520277dc366b98cd,hero/tracer/
dd97dcfa7042abf4d24f9cf4cc042d50,hero/tracer/
dee315213a43a8dd27e525616fb58b49,hero/tracer/
eac403839dff44b7b2bc9aba5733f308,hero/tracer/
fdea919ced9229d874e3e5148441e9fc,hero/tracer/
01cd09a59bb55c26a4d1caf77f6b7946,hero/widowmaker/
03e93a94c107da418c728c13c83a3767,hero/widowmaker/
0528682e80ee139a29f3e21342a81015,hero/widowmaker/
05b95938bf459010e23d134c744e0f16,hero/widowmaker/
1c51355efde4f69f20ccf444cd511b86,hero/widowmaker/
20165227aa02404a46f664f764d6e3a8,hero/widowmaker/
25d25085b868e7a14709fc21e3f42be6,hero/widowmaker/
2a83d97ef7b0b8ba577d71e02fd4a2df,hero/widowmaker/
2b9214d906b5701edb482be73a61ec34,hero/widowmaker/
2de3c7f394937eeea92ac2ee99137600,hero/widowmaker/
3086570856679aa30d15eb94c0671ec4,hero/widowmaker/
316a714ec4602f78897c30f00f10fb55,hero/widowmaker/
32bda83a691394003d37b869349d300b,hero/widowmaker/
338f5bb9dea17fd393e1c591bc4bc54b,hero/widowmaker/
43141b39402d818762cdefc42f213aef,hero/widowmaker/
434d3f2a4187114e7a9aaa9d2e96d698,hero/widowmaker/
4582b8533d8cfb4732800bdaa4e6e00d,hero/widowmaker/
476123512ebf740ef9fd86e356c34434,hero/widowmaker/
498f83fa787aa8949f36f7a2f2700be1,hero/widowmaker/
4b327cdd0d8733c51b369ccb63907627,hero/widowmaker/
4b47a1454a73edc5c8328614b306ea01,hero/widowmaker/
4de4e68cf5bcc84a8f42e64d96ad9272,hero/widowmaker/
5190f48cfef3c1a10476d9120e6d137a,hero/widowmaker/
6130424d4ad81c58b1f085f2764cc305,hero/widowmaker/
61969f8a645ade25416f40e09a61f4cf,hero/widowmaker/
70a68a1ddd6e6b11e73b0f6869911c93,hero/widowmaker/
7208cfd8da3b7404cc376910bf0cb0a5,hero/widowmaker/
7702ecacf9a3cc6487a5621a251a0ffe,hero/widowmaker/
7caf220b90ac0c9b96538839383a5571,hero/widowmaker/
819b02e607420fd8e46513cde4d8bb38,hero/widowmaker/
84e7053ab4421458f400790bbc9b89fc,hero/widowmaker/
85b7f72c93b6903328668fc957fb64f1,hero/widowmaker/
8667ec9fe59aae177b2fd30710373341,hero/widowmaker/
89a9e48b57e0c1abcab73655d0c317f0,hero/widowmaker/
8af41648cb0043baa1b2f7e894a28542,hero/widowmaker/
8de9fd4453c7f8176f6ace660678081f,hero/widowmaker/
8fef8ed57459b85ec4f851487224349b,hero/widowmaker/
90f90aebe223b0f2be3c194f61965175,hero/widowmaker/
9475f90ec768d1ba2f03e8813a0be7d7,hero/widowmaker/
988599483947937423efcd70f354187d,hero/widowmaker/
98a9e40f42645dbbacb9d17680996000,hero/widowmaker/
a0fdbce505f3ba9b88581e518e17c9c6,hero/widowmaker/
a204c256f0f7a6560fdc794c27313484,hero/widowmaker/
a29b597e7738a5e7c13486be4e61b937,hero/widowmaker/
b00e691f8e23cd9d27f958b5627790a9,hero/widowmaker/
b24b11ce803c7c6d6998b471c4f889bb,hero/widowmaker/
b3c95dfdb7367677680caee7f07739fa,hero/widowmaker/
b515c2596734fd9e5ce7068b7a8bdfda,hero/widowmaker/
b82f431e53a270a9c89e3f3601a4ac81,hero/widowmaker/
b9687c8eb2320df8bfb58d482bec13fb,hero/widowmaker/
bc5d4f5ed540bac50dd8b05d1480b336,hero/widowmaker/
bc70286aeefb04cc54c11b31129d4b6a,hero/widowmaker/
c09034eb09730c24ccd89e0cf8715993,hero/widowmaker/
c3dc54b5208a76c10f7dfb98b76ec607,hero/widowmaker/
c48cc8a48f16a14dc982eaecbdaef480,hero/widowmaker/
cd129de9e79c2ea0e039e5e2303868e7,hero/widowmaker/
d3d3547cd32420afb5b6dea136ef10f2,hero/widowmaker/
d5da2eaf09be89d6e20e25938d9890d9,hero/widowmaker/
d8934815a221d77e9d9032b87c07e113,hero/widowmaker/
d8b47181964115d2c6c759e427266052,hero/widowmaker/
da383068120bb7bae8ef19b8f73ba368,hero/widowmaker/
dba8381737cb64d1a17ba718c8fefb81,hero/widowmaker/
df56762a70108438ce9f04241fe7bf88,hero/widowmaker/
e51b59bae9ef8a1b9057286f9398cfbd,hero/widowmaker/
e536e5d6e095c9d907111b425bacdd96,hero/widowmaker/
e5b0b3dfd998c162d4712bc95499b4c9,hero/widowmaker/
e6c17cd74d4a798c2b8ef53d31e09ed7,hero/widowmaker/
ec34b75afc4a89928ed6f89076e3f69e,hero/widowmaker/
edfcb8ed98d46310919ced14a03a7eee,hero/widowmaker/
f16ebddabe7f9cd2155b641030e5d480,hero/widowmaker/
f8d2415b36924ed1a46b83e61e1cbc19,hero/widowmaker/
f347506acf035e69c167eeeaf8916ccd,hero/widowmaker/lets_take_the_point
7fb7e0629c47ef61763f143c28046f60,hero/widowmaker/nice_shot
0b1279f1c7af372b84379fb404e83938,hero/winston/
19bae212a29b319c5e93cacf2c5e785a,hero/winston/
2242dcf4799ad4a843093349e83d3dd3,hero/winston/
2dd1811c484c68e69628269cceb4f091,hero/winston/
34ad078cf715eb38e49195adef32c4ec,hero/winston/
45bdffc5c111f1942c56b6b943edcdc7,hero/winston/
5f1a9fb4d73b45eda5b8865e992f74bb,hero/winston/
69884de0a83d263723554d60991df5dc,hero/winston/
6ebe2ff4f69d5c9e487e1eca2ce89438,hero/winston/
90439556c53019e9ef036090c296b83f,hero/winston/
994cd346572970d1cd0add1786c8a723,hero/winston/
9d573f18ef01c3c0703b1eadd0dc2816,hero/winston/
9f5f0f838c3ef32e6d4b0f950a106efa,hero/winston/
a17571e1e45cfea4bd1258c0963a307e,hero/winston/
aaff6f4b350a4e8fbecd9bbe9e42c806,hero/winston/
af86ed9fa6bd7c28d70d326fa90d41b2,hero/winston/
b259d101760d8f70b662cd4229abe378,hero/winston/
b3efed04c7dbe66fb3c33a29573ec3f3,hero/winston/
b89dff7f088f0468a485c88d68f95470,hero/winston/
c48c7ec78cb19b1445f7645747f338f5,hero/winston/
c53dacdff27ae80e6b5ba47631df0613,hero/winston/
c76a631dd186d695aa92842458d04028,hero/winston/
cb45f7be61f86c73344ab7b2775643ec,hero/winston/
d03dc78caffda54f38406caf27764678,hero/winston/
d3379ef8b1efb0c5a9c749d07630f77a,hero/winston/
d894654be531192403c1d661c67b9e75,hero/winston/
dc685c55caf81ffcb959029427882f8a,hero/winston/
e73a69b19617b3ba6331c4fb95cdb7ba,hero/winston/
efd75f39e6164db48993752e3380def2,hero/winston/
f03fb2ea105384c1103bfbe25f073878,hero/winston/
f173f9f427c294b83cc59099bf65b7aa,hero/winston/
f194a6e1edb8ef810d18ac28d4338f1e,hero/winston/
fc8888d0786369c0c32ad613d125daab,hero/winston/
90eef1f38edc20ab31c4eb7473c86cf2,hero/winston/by_my_calculations_oh_forget_it_lets_move
646c2db602f4a29fb061302d23091c8a,hero/winston/enemy_turret_neutralized
5dc3496e023515e13d0eec65c6235a86,hero/winston/every_little_bit_counts
9325e92e5cd987c826fea6abbd91a43b,hero/winston/everyone_on_the_objective
8501d2bc63a1dff2c611030c87023145,hero/winston/further_experimentation_required
9b5df54ea4f26eb825dd6c62c97cc0bd,hero/winston/great_shot
958655b95bacf37cdbc1482bb4df2b40,hero/winston/i_feel_like_im_forgetting_something
6a21aea8c7ac36c787b40386b5225b9d,hero/winston/im_feeling_angry
26b045916b91fb7d23920503f1622347,hero/winston/its_nice_to_feel_appreciated
f8cfce1d1d9812c623f00943823efdce,hero/winston/ive_uh_rearranged_your_molecules_for_you
3f828ec7eceee098534d18dd24b7aa8d,hero/winston/need_any_adjustments_to_your_chronal_accelerator
3f00e041e0d6dca0f506fd256858f7b9,hero/winston/pardon_me
4632b1b84ac706f24a50c6777e9adda0,hero/winston/payload_in_transit
03a1adc17e73bd236c4bf5aacce36aaf,hero/winston/something_for_me
1c94fcb6df85d761f873d5d0cafe32ba,hero/winston/theyre_grouping_up_here
fd9c4fc7389cdf598c281e9ae4db5aad,hero/winston/this_will_protect_us
40c03e3a3d9c0943e9b267fd76a30be2,hero/winston/to_the_moon_and_back
20c6d175d7e8d2c59ee2792b9628e4b5,hero/winston/uh_that_was_a_failed_experiment
97b3f3464ce0f966166da81da96a39d0,hero/winston/we_must_intercept_the_payload
0d6ef43c5c57e67ec5e70d3b004b5666,hero/zarya/
121f3d155a7d87a6400a0c9ad8bf8e17,hero/zarya/
1e18854df3fa95720137b319ef5c62a9,hero/zarya/
1f88f265927ca044d6de5d1bcd7bd9b8,hero/zarya/
2d4612b176821f2d9623b86004efcfb4,hero/zarya/
2e1a15ac7665b48eb3bd014b71536764,hero/zarya/
33ca1262c76ac1aea0c89aba1a203a9e,hero/zarya/
340a4b39d0c2781a80a9bc4744bf6518,hero/zarya/
36b056ffeee1f9a6187baba9df9e1e09,hero/zarya/
3d8c561eaa87489c4da0dfeff64fb2e5,hero/zarya/
3e507b8c03b76fe6d318b8bff948393d,hero/zarya/
41636f990dad41900de453c8d33ff2b4,hero/zarya/
4496f97bfc79c8301e9a502348a38603,hero/zarya/
4a6836221c2b13cee134a98de9ae1d0e,hero/zarya/
4c8241a278838d8244e795a0a95fb3a2,hero/zarya/
50d9355848fd6c7683ca0ce4d6748c94,hero/zarya/
53563c04a16edd621b9ed26f6f96cc56,hero/zarya/
5737a62d9789f0f4aba6a9ab809e13f9,hero/zarya/
5b6ea76e9fdaef7156858fa8e8bd3f26,hero/zarya/
5cb0b72f53491a20bdb16709153131b0,hero/zarya/
5f903d3f5701bba681475310b3ac399e,hero/zarya/
64e3ba5f5ca171b924c67a329d9c05fb,hero/zarya/
665f2199ad6dc89d372d0807f2da26f3,hero/zarya/
6aee5f0004062b6da36b4e448a066d62,hero/zarya/
6ff1053d12f240f0fdbfaf5a8c736f94,hero/zarya/
723d621a96c3d0da0cbeedc05a73e6bc,hero/zarya/
753f31da5c036d8eb99c2d48cb37080b,hero/zarya/
81191c8920e4db4f15c84e1650645c52,hero/zarya/
835cab2d3a48278ab2a5ac7f9385f27f,hero/zarya/
88c67ea8f05bb0c843cda52686cf1f87,hero/zarya/
92626d92cc2c56446d978be6e75942f1,hero/zarya/
9a797c4b821c93015e6bc3161d76da69,hero/zarya/
a08ef71e98fac703114c6068ded1d31b,hero/zarya/
a23c4706b8116b762035bd52878faa9b,hero/zarya/
a30c0bcb9943c0e2e92a5fb0ec96c489,hero/zarya/
a663bb8134f45d2602e142a07564d464,hero/zarya/
ab00ca967b52b78c63f8350c43ae90a4,hero/zarya/
ae70a2ed28d64da29c578d901a94bc6a,hero/zarya/
aee01261bdf1cc00b97aa057d73c1911,hero/zarya/
aff6855f868278517a0115deef2a953e,hero/zarya/
b01104373e244e422edc13a106c39b86,hero/zarya/
b25a01558e34c1db1b3ea39d079c060e,hero/zarya/
b27938737e57250c04eeb1d9b6d3f273,hero/zarya/
bab0474f08d8ae847480945a5bd9a476,hero/zarya/
bb5626732bb735d455a8c4903ad5b9b9,hero/zarya/
bbb853426ca8a551141b1c3bd132279f,hero/zarya/
bdcff1adc70bb6884a65d9c5590f9dad,hero/zarya/
bebfd47621f706d974d5c12cdb508226,hero/zarya/
cfafc5f2c37581d499c659a289c9c245,hero/zarya/
d10e2e65713c33e40d9ac4341d151dc2,hero/zarya/
d20ae9b0d5f0d808f47b325a1b95f2f5,hero/zarya/
d3252679c11abd1a88c9acf74eee4242,hero/zarya/
d8c1c37398904bb3ecf1a37785ef1ddf,hero/zarya/
da23f461c9fbffb64e313cb922051c6c,hero/zarya/
dc945ff0da38feef057a9f3f4ca27e51,hero/zarya/
dd3513b6599e8c46b1afbf164fc822ef,hero/zarya/
e39516479a1a89209c5c2777b167e505,hero/zarya/
e444c5898ff9d9b35cfdc4b719eab61b,hero/zarya/
e65e286fa34f16539670821ffc398091,hero/zarya/
eb94135d06e0ba03f549392961019969,hero/zarya/
ec63339167d7b462026ad4966da7bb91,hero/zarya/
edc3b28c85709bc77a9e204449cd0224,hero/zarya/
ef1294dcf863f538735078a6acd66dd7,hero/zarya/
f50dd40b839dcbed7d8650c0af2b25fa,hero/zarya/
fb1e78b2698fe86e14f2202cb4bb0755,hero/zarya/
fc40767be89df56b7dd2f40dc7103258,hero/zarya/
0368af62ca6767bd91e6e5f4930155d6,hero/zenyatta/
07dbb66d493ec676331167ecb4311b66,hero/zenyatta/
0bde1d2de15c4e7ade02709132bda4ed,hero/zenyatta/
12198bdd139dcbf8d2bad1e0858c942d,hero/zenyatta/
15f2144f5dd41bdb2990955f017ae03f,hero/zenyatta/
196b8ce3ecdd16881e1d71b6204d2d61,hero/zenyatta/
19e48fa8768d76ad9746657cd623319f,hero/zenyatta/
1c213cb1a944bd1297e0c16e4fa98344,hero/zenyatta/
1d4cce2c3a1ae5437556e29d42d58960,hero/zenyatta/
1f2e1ea9f4f4bf27e88bba77868cab19,hero/zenyatta/
20b1275abc163da11b4aac9824548e1b,hero/zenyatta/
2b267df045bd76538babe061dc950dbb,hero/zenyatta/
2b6d61a2be69e1a6b9c7212b5d40e603,hero/zenyatta/
2dd6663feff953012b0d8300d0ccb4f6,hero/zenyatta/
320c541c32d05d774be27923f3a92b13,hero/zenyatta/
32abe951873c62f318c89e79382f0a77,hero/zenyatta/
32ff74410ce7cedfe1c37bca6e1f2009,hero/zenyatta/
38b01b3b59f5e0dee4d38aa0c17b8959,hero/zenyatta/
3917adbf5d4e2e2706745f6ac9a5b746,hero/zenyatta/
3ceeeb4e5ab4c8486a6b2da8b1386539,hero/zenyatta/
41627a888cea0e33d5cdfce3f9515e27,hero/zenyatta/
4235faff2fc1eef9151b89ac5a0de96e,hero/zenyatta/
46e4e31197e831e32d8d7017fc92d2f7,hero/zenyatta/
4a8e17645df4e916156e45031d8de559,hero/zenyatta/
4d0b3d1926196b86a4019bed3d9ff33a,hero/zenyatta/
4fd08d827f95381449bf46cba63c96a1,hero/zenyatta/
58c577bb6ef800077261001bc6f82fdb,hero/zenyatta/
603e8b0c518282834554409e6b831047,hero/zenyatta/
6221c64c4e9fc879a947eabcafbf0645,hero/zenyatta/
6221c64c4e9fc879a947eabcafbf0645,hero/zenyatta/
6680ed80fea70ad627878a32b3d34321,hero/zenyatta/
668ff64e318c55f0aff28f4ddb63f9ec,hero/zenyatta/
6770e02d3ec53ced45c96ea228202317,hero/zenyatta/
6acaf3309a6ffea8cadf74242de1ca98,hero/zenyatta/
6eac5dd0e24072526966ead22147e9be,hero/zenyatta/
70c106ed488fda7c1cf5d22c29fb33f6,hero/zenyatta/
71c8a2f81627b4c90f077a2ef7bd9cc0,hero/zenyatta/
71ddeb3ef8cf7d03a4327efec474bf15,hero/zenyatta/
797eecbd350a8f548b5944588dca1365,hero/zenyatta/
7cabb56f18d40f61deda153bd426703e,hero/zenyatta/
86b3190e29def50b5bef5917224fb78a,hero/zenyatta/
8c0e4a05cdb02dfa887cd26bb7e9bd73,hero/zenyatta/
95775f24b21069af708f87d52591e88d,hero/zenyatta/
96f6a031657403ef6010132e31e91e24,hero/zenyatta/
a45d17ba4b4f04fb4da99a1a1f6655fe,hero/zenyatta/
af62aefc1349c1b465c6d71c84d3ed49,hero/zenyatta/
b0396781a21c3ba96162a5ab785d1d25,hero/zenyatta/
b5fba2423d0a62974b6460835de0ba36,hero/zenyatta/
b62f2b44d638d4a0f42a5ccf66fe83f0,hero/zenyatta/
bba38148f6497f045adb135bed9044a5,hero/zenyatta/
bc29d2d8c15c6d6e0ad71a2526eada7e,hero/zenyatta/
c8c235fd5dce6eaf359480c30efbdce6,hero/zenyatta/
d48077d7a37e0dfbc41aa30d87d4f292,hero/zenyatta/
d92440d457cefe2e7505d93a28a27ae0,hero/zenyatta/
d9481d53149b6add7ccfd0b7d24bcf15,hero/zenyatta/
d9824eb8dedea43aeb9552e7bc315c5b,hero/zenyatta/
dbd68fd938986140efffe846f5b12ba7,hero/zenyatta/
dd0f93db05afdc96befe9dd7ffd0c130,hero/zenyatta/
dd5e8c731f5daf295f5b31e18130fb90,hero/zenyatta/
df970ef7cf216f2f647760d1ee7f0483,hero/zenyatta/
e211752635abf0c73d972515c51ac757,hero/zenyatta/
e51b8dd792ff7b04636f2f6dd03de15d,hero/zenyatta/
e95a9942946e2c2c4f5783293bbacd88,hero/zenyatta/
ec09af4bfcfa0403b2b2c1f661b9692c,hero/zenyatta/
f4a82fb2f406743ce74abc24f7427a08,hero/zenyatta/
f530dc536c0a58cd1bf2acc6198289c7,hero/zenyatta/
f8c382e833dcff2bd3444382a1f52c94,hero/zenyatta/
f93e93a46d18224dce7e3b78b36f6c9c,hero/zenyatta/
fca9dbbbdcfdf6c9a0c6415659901c86,hero/zenyatta/
ff6ee1e0e37117106c3a30fc5f359e83,hero/zenyatta/
05ad6527a787905ce1c7fc7e9a2161ae,music/
06d450412ded3896ea4817b5b20f7731,music/
0c7db2c8e99fe67e642e9fa02834d456,music/
255847d5b88d545c50e2cb3aac86acdb,music/
32c13c8c25c4e84b2b3ca42f3eb21382,music/
36d4cef1ab3da098231484643b442e92,music/
3fa0723aa3dcf5f28a913b1a05984979,music/
4e0a17197288614bd8057ecd7088708b,music/
58d3ebda758b96e57495cde5ec12dc64,music/
64b809e96ad3b121d3542e71baa182e2,music/
6689b8e2556fcc2b2de0008ae31695b5,music/
68dc1c89930c0f75358eb426f7157e0b,music/
765f86142856ae9bf960e2acf06173c9,music/
7fc26326131f82bbf1fccfb95232044e,music/
866d0ad19f6d72eb70f2954472b99634,music/
8805c9b55428b9fc8ba3f60cb1b957f9,music/
a20abfa961547892b8f38964dac701d6,music/
a732f6866a6b225bd605796b34bcc485,music/
a9a31204e6dbf813d269020538efb3e0,music/
ab460e4263c63873726993dcdf0a03ad,music/
aec1b2380887933e126bce50d21c1dcf,music/
b216d9a7fe7a8de27478286ab0c92c1f,music/
b8301cbad4abab01a0680d586500d97c,music/
ba0c61a64762ff5c0b8a94e82f52d25f,music/
badbfe950a0e91fca4a76dfa8e8fc2ab,music/
cc6b2bc13e1e9c3d62c60acf4c146da3,music/
ce8b45c17274e19d68e376a45701dc9a,music/
e5e43ad48bb28b23561ab6629a19bea7,music/
ea9d395cb493e17c19caaecc00699f7b,music/
f5bb311ed5ebcfd9b70ae4c7e0cbe4a0,music/
f673842ceeecfe3627044e9704d45509,music/
05ed50823d90018e630550e5b0cb98e5,special/
06188bc37d7fa398c82696cda9d6fdb3,special/
15acd73beb870d60df5041955155389c,special/
16e15a0371664ecc65eb761a84fb2664,special/
245a42df1fe9cd8917e3db21e15ce611,special/
2e498ed7776c7b1cc9837b90036858dc,special/
32346056319a5d49e9f9c910e674ad18,special/
38ec467462c6808089e47190796ce579,special/
3b4bf3230f2ea52964d8cdc37107d3f9,special/
3e813cf8868b564bb91467529cbab45b,special/
45f16d1cc3df28a286a4ae169de705ba,special/
4e30502afeeef94b8f08e6337d85ed44,special/
5555eee50bd8f77776e6d6210c58c564,special/
58d6e996acd1c2038636f6416211aec1,special/
5ad7582c77a93caeae59c3b79ad9d61c,special/
6878fdfafdee9bbb1fe22eead564e980,special/
6b206b8cba26d56d3bd4bf5b91dfcf2f,special/
734e9312d7eca5df981c65b956f1d0b8,special/
7b442194ee3fafbbd1f2a43295866c0d,special/
7be6ae6b46e8933f0559d2788a2d4d07,special/
7ebf4c02c340d2a9b79dc24a98c0cbbe,special/
82e660bc1568e1faba8572e86d09344f,special/
84482176791178aee4e7353b333a3569,special/
8702a9ce25fd86c1226bd1064d9e25c4,special/
9155cdd981b95e663a260d642ffd26e8,special/
91d7e768604669fef0da0dbebea674bf,special/
a62cc2241b9b0c7ac9649a75e1a421bd,special/
a62dcdf50d1a57e8b4efb77170379d66,special/
a63390b9de1e93a9210699da969eda5d,special/
aa316c83895e062ba61d55d8afdaaec0,special/
b3bb517c3813b8f6f90983f00e25f266,special/
b5c688a3c2436bea0f4c941f52397d99,special/
b9c30722e7a4980a9866a3c097764ed1,special/
bb58b3b92807d6c69375f62c9dec6935,special/
c5be83719fd453a25f59cb16952cd6a6,special/
d436a5e9ac9ba4d08bf1d92b030b7ae8,special/
d99082a0b8793a80dcd1fb5fa334ea04,special/
e36d35f7a3b1bad71da8f19b6d0e99bb,special/
e8d2751228257338b55c13ce63bd8aac,special/
eed5cfb389583da41604dd8f638a545c,special/
ef3c039e511d3aea8fdfa1825ba85e7e,special/
f55f53c0983e550782026ff48059089e,special/
f5a48722673c6c36a8c77f9032c36ccf,special/
f5d3f47dc8de33332e45005dbe8e7df3,special/
052cdaefc685b2225cab9fbb8310759e,summer/
0675ef7c86540e9ac5b516ef87821035,summer/
06e0719202950b984509bf9fa88ae16a,summer/
08319b3502e2ef44d884a58cc857c342,summer/
1277b6897ab3509d9f26bad42db07056,summer/
23c3d7b37cd42d367e47170a740ac6b2,summer/
28af8589d10ad47349cb8c22a7fc7143,summer/
2b2b3e15e74b8a0b685ab3424d7f3f02,summer/
2fe4ea09f994b146130fd03edc30f170,summer/
3024ff36ab2651101aa600cc00ad0769,summer/
3653bf030199b69d29040dd921d584ee,summer/
38d61b97dbc8b6caa88feafa95956f3e,summer/
56591b25b1804055f17acc91c624f5ee,summer/
5942b97203b3a2b81b5f4380acaca09e,summer/
61c387223c13726d43178af5d1916f15,summer/
64660b0486498ed3ad95b157368a455b,summer/
65061ca3ee559832f06be9fd2a9b3791,summer/
68f6186c9d1786daa15da39e25df277b,summer/
72dab2dd741a0a5cb3878ebc84a65c0c,summer/
75a8f9f731d706d65ac73014ca3f9856,summer/
7c0a93b7ca469b6cab26943711ca3bb4,summer/
7ddac2975d578ee135d633f628e46046,summer/
85fd5b458b217903a44fedccb46bd4de,summer/
87d35bff1c2e997a48a91fae448b7274,summer/
9b1f325aea1f5fcf33aed16ee20a8319,summer/
acfa209e26505fcb9ee9b76da9a030f0,summer/
b035eda8f18792e0b18f764e0687473b,summer/
c157663539134aa58e149171ccb981a1,summer/
ed90465f12a7ef8e4296b0add2db578a,summer/
f455686b2a5d4ae079599799b13a299e,summer/
471ec2960aa2a7eb65b7a15791bc39f4,summer/to_25
638c9b74cd2616833b564d378dc67a30,training/
a0619596ec4d6031d98490d22bb9e76b,training/
b102ce2a86687745045c616793f49e7d,training/
cc2bf86ceafe5ff2112ad77b7df6e0bf,training/
2c76e8ebaf6911b4f662c69d729cda70,training/but_you_must_fully_charge_it_before_using_it
d8de9665df268f6f593732724e8c196a,training/charge_your_tactical_visor_by_damaging_the_training_bots
5f3e9b81ad70776ba03acb128442fefb,training/damaging_an_enemy_causes_their_current_health_to_display_above_their_head
a665875769a18ffc0960c59ce54cbb6f,training/destroy_all_the_training_bots_to_continue
227d825ffb4fa1827e44d5972774ac96,training/enter_the_target_range_and_move_to_the_highlighted_area
6c50382b68fd37360a68236ab52a734e,training/finally_let_me_explain_tactical_visor_your_ultimate_ability
6596afff41be0d419fe1f4ed58a8f312,training/i_will_be_guiding_you_through_the_overwatch_training_program
85fb9d459ef7b754f9d5e9cf75d5632f,training/lets_begin_first_look_up_at_the_dropship_above_you
3417d538a30fb86775b26753fdb1fc76,training/most_weapons_fire_a_limited_amount_of_ammo_before_they_need_to_be_reloaded
f501d8e4d35dcf90ef42ef52a5e58225,training/move_into_the_area_to_capture_the_objective
0d464c6ecc1dc651acf78716a27a653e,training/please_move_into_the_area_marked_by_the_bright_outline
0f9c54a50d9d79f20769050840011533,training/sometimes_its_easier_to_hit_an_enemy_with_a_melee_attack
136ab5f6beaf44584d704901e2b2a3f0,training/thank_you_for_playing_overwatch
3f7e6c6d362f9f3e9f28052f04284261,training/there_are_still_targets_remaining
aeae15f4719ca5e1f6a7836690ab4178,training/there_is_one_bot_remaining
2acfbbb5a264d1a71dd5e10b61d9ed01,training/these_powerful_abilities_can_change_the_course_of_a_game
